		
Introduction	Seg=B-seg	Seg=B-seg
Research	Seg=B-seg	Seg=B-seg
on	Seg=O	Seg=O
adult	Seg=O	Seg=O
-0	Seg=O	Seg=O
learned	Seg=O	Seg=O
second	Seg=O	Seg=O
language	Seg=O	Seg=O
(	Seg=B-seg	Seg=B-seg
L2	Seg=O	Seg=O
)	Seg=O	Seg=O
has	Seg=B-seg	Seg=B-seg
provided	Seg=O	Seg=O
considerable	Seg=O	Seg=O
insight	Seg=O	Seg=O
into	Seg=O	Seg=O
the	Seg=O	Seg=O
neurocognitive	Seg=O	Seg=O
mechanisms	Seg=O	Seg=O
underlying	Seg=B-seg	Seg=O
the	Seg=O	Seg=O
learning	Seg=O	Seg=O
and	Seg=O	Seg=O
processing	Seg=O	Seg=O
of	Seg=O	Seg=O
L2	Seg=O	Seg=O
grammar	Seg=O	Seg=O
[	Seg=B-seg	Seg=B-seg
1	Seg=O	Seg=O
]	Seg=O	Seg=O
–	Seg=O	Seg=O
[	Seg=O	Seg=O
11	Seg=O	Seg=O
]	Seg=O	Seg=B-seg
.	Seg=O	Seg=O
Of	Seg=B-seg	Seg=O
interest	Seg=O	Seg=O
here	Seg=O	Seg=B-seg
0	Seg=O	Seg=O
studies	Seg=O	Seg=O
suggest	Seg=O	Seg=B-seg
that	Seg=B-seg	Seg=O
0	Seg=O	Seg=O
despite	Seg=B-seg	Seg=O
the	Seg=O	Seg=O
difficulties	Seg=O	Seg=O
in	Seg=B-seg	Seg=O
acquiring	Seg=O	Seg=O
L2	Seg=O	Seg=O
grammar	Seg=O	Seg=B-seg
0	Seg=O	Seg=O
adult	Seg=B-seg	Seg=O
learners	Seg=O	Seg=O
can	Seg=O	Seg=O
approximate	Seg=O	Seg=O
native	Seg=O	Seg=O
-0	Seg=O	Seg=O
like	Seg=O	Seg=O
levels	Seg=O	Seg=O
of	Seg=O	Seg=O
use	Seg=O	Seg=O
and	Seg=O	Seg=O
neurocognitive	Seg=O	Seg=O
processing	Seg=O	Seg=O
[	Seg=B-seg	Seg=B-seg
12	Seg=O	Seg=O
]	Seg=O	Seg=O
–	Seg=O	Seg=O
[	Seg=O	Seg=B-seg
15	Seg=O	Seg=O
]	Seg=O	Seg=O
.	Seg=O	Seg=O
However	Seg=B-seg	Seg=O
0	Seg=O	Seg=O
it	Seg=O	Seg=O
is	Seg=O	Seg=O
not	Seg=O	Seg=O
enough	Seg=O	Seg=O
to	Seg=O	Seg=O
have	Seg=O	Seg=O
attained	Seg=O	Seg=O
such	Seg=O	Seg=O
native	Seg=O	Seg=O
-0	Seg=O	Seg=B-seg
like	Seg=O	Seg=O
levels	Seg=O	Seg=O
.	Seg=O	Seg=O
Crucially	Seg=B-seg	Seg=O
0	Seg=O	Seg=O
it	Seg=O	Seg=O
is	Seg=O	Seg=O
also	Seg=O	Seg=O
desirable	Seg=O	Seg=O
to	Seg=O	Seg=O
retain	Seg=O	Seg=O
them	Seg=O	Seg=O
0	Seg=O	Seg=O
even	Seg=O	Seg=O
in	Seg=O	Seg=O
the	Seg=O	Seg=O
absence	Seg=O	Seg=O
of	Seg=O	Seg=O
continued	Seg=O	Seg=O
practice	Seg=O	Seg=O
or	Seg=O	Seg=O
exposure	Seg=O	Seg=B-seg
to	Seg=O	Seg=O
the	Seg=O	Seg=O
L2	Seg=O	Seg=B-seg
.	Seg=O	Seg=O
In	Seg=B-seg	Seg=B-seg
fact	Seg=O	Seg=O
0	Seg=O	Seg=O
substantial	Seg=O	Seg=O
periods	Seg=O	Seg=O
(	Seg=B-seg	Seg=O
months	Seg=O	Seg=O
to	Seg=O	Seg=O
years	Seg=O	Seg=O
)	Seg=O	Seg=O
of	Seg=B-seg	Seg=O
limited	Seg=O	Seg=O
or	Seg=O	Seg=O
no	Seg=O	Seg=O
exposure	Seg=O	Seg=O
following	Seg=B-seg	Seg=O
L2	Seg=O	Seg=O
training	Seg=O	Seg=O
are	Seg=B-seg	Seg=O
not	Seg=O	Seg=O
uncommon	Seg=O	Seg=O
0	Seg=O	Seg=O
and	Seg=B-seg	Seg=O
may	Seg=O	Seg=B-seg
even	Seg=O	Seg=O
be	Seg=O	Seg=O
the	Seg=O	Seg=B-seg
norm	Seg=O	Seg=O
[	Seg=B-seg	Seg=O
16	Seg=O	Seg=O
]	Seg=O	Seg=O
.	Seg=O	Seg=O
Such	Seg=B-seg	Seg=O
a	Seg=O	Seg=O
scenario	Seg=O	Seg=O
may	Seg=O	Seg=O
be	Seg=O	Seg=O
found	Seg=O	Seg=B-seg
in	Seg=O	Seg=B-seg
different	Seg=O	Seg=O
situations	Seg=O	Seg=O
0	Seg=O	Seg=O
including	Seg=B-seg	Seg=O
when	Seg=O	Seg=O
one	Seg=O	Seg=O
studies	Seg=O	Seg=O
a	Seg=O	Seg=B-seg
language	Seg=O	Seg=O
in	Seg=O	Seg=O
a	Seg=O	Seg=O
classroom	Seg=O	Seg=B-seg
and	Seg=B-seg	Seg=O
then	Seg=O	Seg=O
stops	Seg=O	Seg=B-seg
taking	Seg=O	Seg=O
classes	Seg=O	Seg=O
[	Seg=B-seg	Seg=O
17	Seg=O	Seg=O
]	Seg=O	Seg=B-seg
0	Seg=O	Seg=O
[	Seg=O	Seg=O
18	Seg=O	Seg=O
]	Seg=O	Seg=O
and	Seg=B-seg	Seg=O
when	Seg=O	Seg=O
one	Seg=O	Seg=O
is	Seg=O	Seg=O
immersed	Seg=O	Seg=O
in	Seg=O	Seg=B-seg
a	Seg=O	Seg=O
foreign	Seg=O	Seg=O
language	Seg=O	Seg=B-seg
setting	Seg=O	Seg=O
and	Seg=B-seg	Seg=O
then	Seg=O	Seg=B-seg
moves	Seg=O	Seg=O
away	Seg=O	Seg=O
[	Seg=B-seg	Seg=O
19	Seg=O	Seg=O
]	Seg=O	Seg=B-seg
.	Seg=O	Seg=O
In	Seg=B-seg	Seg=O
the	Seg=O	Seg=O
present	Seg=O	Seg=O
study	Seg=O	Seg=O
0	Seg=O	Seg=O
we	Seg=O	Seg=O
examine	Seg=O	Seg=O
the	Seg=O	Seg=O
outcomes	Seg=O	Seg=O
of	Seg=O	Seg=O
such	Seg=O	Seg=O
a	Seg=O	Seg=O
period	Seg=O	Seg=O
of	Seg=O	Seg=O
no	Seg=O	Seg=O
exposure	Seg=O	Seg=O
on	Seg=O	Seg=O
the	Seg=O	Seg=B-seg
neurocognition	Seg=O	Seg=O
of	Seg=O	Seg=O
L2	Seg=O	Seg=O
grammar	Seg=O	Seg=O
:	Seg=O	Seg=O
that	Seg=B-seg	Seg=O
is	Seg=O	Seg=B-seg
0	Seg=O	Seg=O
whether	Seg=O	Seg=O
a	Seg=O	Seg=O
substantial	Seg=O	Seg=O
period	Seg=O	Seg=O
of	Seg=O	Seg=O
no	Seg=O	Seg=O
exposure	Seg=O	Seg=O
leads	Seg=O	Seg=O
to	Seg=O	Seg=O
decreased	Seg=O	Seg=O
proficiency	Seg=O	Seg=O
and	Seg=O	Seg=O
/	Seg=O	Seg=O
or	Seg=O	Seg=O
less	Seg=O	Seg=O
native	Seg=O	Seg=O
-0	Seg=O	Seg=O
like	Seg=O	Seg=O
neural	Seg=O	Seg=B-seg
processes	Seg=O	Seg=O
(	Seg=B-seg	Seg=O
“	Seg=O	Seg=O
use	Seg=O	Seg=B-seg
it	Seg=O	Seg=O
or	Seg=B-seg	Seg=O
lose	Seg=O	Seg=O
it	Seg=O	Seg=O
”	Seg=O	Seg=O
[	Seg=B-seg	Seg=O
20	Seg=O	Seg=O
]	Seg=O	Seg=O
)	Seg=O	Seg=B-seg
0	Seg=O	Seg=O
no	Seg=B-seg	Seg=O
such	Seg=O	Seg=O
changes	Seg=O	Seg=O
0	Seg=O	Seg=O
or	Seg=B-seg	Seg=O
perhaps	Seg=O	Seg=O
whether	Seg=O	Seg=O
even	Seg=O	Seg=O
higher	Seg=O	Seg=O
proficiency	Seg=O	Seg=O
and	Seg=O	Seg=O
/	Seg=O	Seg=O
or	Seg=O	Seg=O
more	Seg=O	Seg=O
native	Seg=O	Seg=O
-0	Seg=O	Seg=B-seg
like	Seg=O	Seg=O
processing	Seg=O	Seg=B-seg
may	Seg=O	Seg=O
be	Seg=O	Seg=O
observed	Seg=O	Seg=O
.	Seg=O	Seg=O
Additionally	Seg=B-seg	Seg=B-seg
0	Seg=O	Seg=B-seg
we	Seg=O	Seg=O
test	Seg=O	Seg=O
whether	Seg=O	Seg=O
any	Seg=O	Seg=O
such	Seg=O	Seg=O
outcomes	Seg=O	Seg=O
might	Seg=O	Seg=O
vary	Seg=O	Seg=O
as	Seg=O	Seg=O
a	Seg=O	Seg=O
function	Seg=O	Seg=O
of	Seg=O	Seg=O
the	Seg=O	Seg=O
type	Seg=O	Seg=O
of	Seg=O	Seg=O
L2	Seg=O	Seg=O
training	Seg=O	Seg=O
0	Seg=O	Seg=O
in	Seg=O	Seg=O
particular	Seg=O	Seg=O
between	Seg=O	Seg=O
classroom	Seg=O	Seg=O
-0	Seg=O	Seg=O
like	Seg=O	Seg=B-seg
and	Seg=O	Seg=O
immersion	Seg=O	Seg=B-seg
-0	Seg=O	Seg=B-seg
like	Seg=O	Seg=O
contexts	Seg=O	Seg=O
.	Seg=O	Seg=O
Previous	Seg=B-seg	Seg=O
Research	Seg=O	Seg=O
We	Seg=B-seg	Seg=O
are	Seg=O	Seg=B-seg
aware	Seg=O	Seg=O
of	Seg=O	Seg=O
six	Seg=O	Seg=O
studies	Seg=O	Seg=O
designed	Seg=B-seg	Seg=O
to	Seg=B-seg	Seg=O
investigate	Seg=O	Seg=O
the	Seg=O	Seg=O
effects	Seg=O	Seg=O
of	Seg=O	Seg=O
a	Seg=O	Seg=O
substantial	Seg=O	Seg=O
period	Seg=O	Seg=O
of	Seg=O	Seg=O
limited	Seg=O	Seg=O
exposure	Seg=O	Seg=O
following	Seg=B-seg	Seg=B-seg
adult	Seg=O	Seg=O
L2	Seg=O	Seg=O
training	Seg=O	Seg=O
[	Seg=B-seg	Seg=O
17	Seg=O	Seg=O
]	Seg=O	Seg=B-seg
0	Seg=O	Seg=B-seg
[	Seg=O	Seg=O
18	Seg=O	Seg=B-seg
]	Seg=O	Seg=O
0	Seg=O	Seg=O
[	Seg=O	Seg=B-seg
21	Seg=O	Seg=O
]	Seg=O	Seg=O
–	Seg=O	Seg=O
[	Seg=O	Seg=O
24	Seg=O	Seg=O
]	Seg=O	Seg=O
0	Seg=O	Seg=O
all	Seg=B-seg	Seg=O
of	Seg=O	Seg=O
which	Seg=O	Seg=O
were	Seg=O	Seg=O
restricted	Seg=O	Seg=O
to	Seg=O	Seg=O
the	Seg=O	Seg=O
examination	Seg=O	Seg=O
of	Seg=O	Seg=B-seg
behavioral	Seg=O	Seg=O
(	Seg=B-seg	Seg=O
performance	Seg=O	Seg=B-seg
)	Seg=O	Seg=B-seg
outcomes	Seg=B-seg	Seg=O
.	Seg=O	Seg=O
(	Seg=B-seg	Seg=O
Note	Seg=O	Seg=O
that	Seg=B-seg	Seg=O
we	Seg=O	Seg=O
do	Seg=O	Seg=O
not	Seg=O	Seg=O
consider	Seg=O	Seg=O
case	Seg=O	Seg=O
studies	Seg=O	Seg=O
0	Seg=O	Seg=O
purely	Seg=O	Seg=O
observational	Seg=O	Seg=O
data	Seg=O	Seg=O
0	Seg=O	Seg=O
or	Seg=O	Seg=O
research	Seg=O	Seg=O
on	Seg=O	Seg=O
L2s	Seg=O	Seg=O
acquired	Seg=B-seg	Seg=O
by	Seg=O	Seg=O
children	Seg=O	Seg=O
;	Seg=O	Seg=O
for	Seg=B-seg	Seg=O
a	Seg=O	Seg=O
comprehensive	Seg=O	Seg=O
review	Seg=O	Seg=O
0	Seg=O	Seg=B-seg
see	Seg=O	Seg=O
[	Seg=O	Seg=O
16	Seg=O	Seg=B-seg
]	Seg=O	Seg=O
)	Seg=O	Seg=O
.	Seg=O	Seg=O
The	Seg=B-seg	Seg=O
six	Seg=O	Seg=O
studies	Seg=O	Seg=O
tested	Seg=O	Seg=O
L2	Seg=O	Seg=O
learners	Seg=O	Seg=O
after	Seg=O	Seg=O
periods	Seg=O	Seg=O
of	Seg=O	Seg=O
1	Seg=O	Seg=O
month	Seg=O	Seg=O
to	Seg=O	Seg=O
50	Seg=O	Seg=O
years	Seg=O	Seg=O
of	Seg=O	Seg=O
limited	Seg=O	Seg=O
L2	Seg=O	Seg=O
exposure	Seg=O	Seg=O
0	Seg=O	Seg=O
mainly	Seg=O	Seg=O
on	Seg=O	Seg=O
general	Seg=O	Seg=O
language	Seg=O	Seg=O
skills	Seg=O	Seg=O
[	Seg=B-seg	Seg=B-seg
17	Seg=O	Seg=B-seg
]	Seg=O	Seg=B-seg
0	Seg=O	Seg=O
[	Seg=O	Seg=O
18	Seg=O	Seg=O
]	Seg=O	Seg=O
0	Seg=O	Seg=O
[	Seg=O	Seg=O
21	Seg=O	Seg=O
]	Seg=O	Seg=O
0	Seg=O	Seg=O
[	Seg=O	Seg=O
23	Seg=O	Seg=O
]	Seg=O	Seg=O
0	Seg=O	Seg=O
[	Seg=O	Seg=O
24	Seg=O	Seg=O
]	Seg=O	Seg=O
0	Seg=O	Seg=O
though	Seg=B-seg	Seg=O
also	Seg=O	Seg=B-seg
on	Seg=O	Seg=O
more	Seg=O	Seg=O
specific	Seg=O	Seg=O
paradigms	Seg=O	Seg=O
meant	Seg=B-seg	Seg=O
to	Seg=O	Seg=O
target	Seg=O	Seg=O
aspects	Seg=O	Seg=B-seg
of	Seg=O	Seg=O
grammatical	Seg=O	Seg=O
abilities	Seg=O	Seg=B-seg
[	Seg=B-seg	Seg=O
17	Seg=O	Seg=O
]	Seg=O	Seg=O
0	Seg=O	Seg=O
[	Seg=O	Seg=O
18	Seg=O	Seg=B-seg
]	Seg=O	Seg=O
or	Seg=B-seg	Seg=B-seg
lexical	Seg=O	Seg=O
abilities	Seg=O	Seg=O
[	Seg=B-seg	Seg=B-seg
22	Seg=O	Seg=O
]	Seg=O	Seg=O
0	Seg=O	Seg=O
[	Seg=O	Seg=O
23	Seg=O	Seg=O
]	Seg=O	Seg=O
.	Seg=O	Seg=O
These	Seg=B-seg	Seg=O
language	Seg=O	Seg=O
measures	Seg=O	Seg=O
were	Seg=O	Seg=O
compared	Seg=O	Seg=O
in	Seg=O	Seg=O
most	Seg=O	Seg=O
studies	Seg=O	Seg=O
to	Seg=O	Seg=O
the	Seg=O	Seg=O
same	Seg=O	Seg=B-seg
measures	Seg=O	Seg=B-seg
in	Seg=O	Seg=O
a	Seg=O	Seg=O
different	Seg=O	Seg=O
set	Seg=O	Seg=O
of	Seg=O	Seg=O
subjects	Seg=O	Seg=O
who	Seg=B-seg	Seg=O
had	Seg=O	Seg=O
not	Seg=O	Seg=O
experienced	Seg=O	Seg=O
a	Seg=O	Seg=O
period	Seg=O	Seg=O
of	Seg=O	Seg=B-seg
limited	Seg=O	Seg=B-seg
exposure	Seg=O	Seg=O
[	Seg=B-seg	Seg=O
17	Seg=O	Seg=O
]	Seg=O	Seg=O
0	Seg=O	Seg=O
[	Seg=O	Seg=O
18	Seg=O	Seg=B-seg
]	Seg=O	Seg=O
0	Seg=O	Seg=O
[	Seg=O	Seg=O
22	Seg=O	Seg=O
]	Seg=O	Seg=O
0	Seg=O	Seg=O
[	Seg=O	Seg=O
23	Seg=O	Seg=O
]	Seg=O	Seg=O
0	Seg=O	Seg=O
or	Seg=B-seg	Seg=O
to	Seg=O	Seg=O
retrospective	Seg=O	Seg=O
ratings	Seg=O	Seg=O
of	Seg=O	Seg=O
the	Seg=O	Seg=B-seg
same	Seg=O	Seg=O
subjects	Seg=O	Seg=O
[	Seg=B-seg	Seg=O
21	Seg=O	Seg=O
]	Seg=O	Seg=O
0	Seg=O	Seg=O
with	Seg=B-seg	Seg=O
only	Seg=O	Seg=O
one	Seg=O	Seg=O
longitudinal	Seg=O	Seg=O
study	Seg=O	Seg=O
testing	Seg=B-seg	Seg=O
the	Seg=O	Seg=O
same	Seg=O	Seg=O
subjects	Seg=O	Seg=O
before	Seg=O	Seg=O
and	Seg=O	Seg=O
after	Seg=O	Seg=O
a	Seg=O	Seg=O
period	Seg=O	Seg=B-seg
of	Seg=O	Seg=O
limited	Seg=O	Seg=O
exposure	Seg=O	Seg=O
[	Seg=B-seg	Seg=B-seg
24	Seg=O	Seg=O
]	Seg=O	Seg=O
.	Seg=O	Seg=O
Across	Seg=B-seg	Seg=O
the	Seg=O	Seg=O
studies	Seg=O	Seg=O
0	Seg=O	Seg=O
the	Seg=O	Seg=O
periods	Seg=O	Seg=B-seg
of	Seg=O	Seg=O
limited	Seg=O	Seg=O
exposure	Seg=O	Seg=B-seg
followed	Seg=O	Seg=O
either	Seg=O	Seg=O
classroom	Seg=O	Seg=O
training	Seg=O	Seg=B-seg
[	Seg=B-seg	Seg=O
17	Seg=O	Seg=O
]	Seg=O	Seg=O
0	Seg=O	Seg=B-seg
[	Seg=O	Seg=O
18	Seg=O	Seg=O
]	Seg=O	Seg=O
0	Seg=O	Seg=O
[	Seg=O	Seg=O
22	Seg=O	Seg=O
]	Seg=O	Seg=O
0	Seg=O	Seg=O
[	Seg=O	Seg=O
24	Seg=O	Seg=O
]	Seg=O	Seg=O
or	Seg=B-seg	Seg=O
mixed	Seg=O	Seg=O
classroom	Seg=O	Seg=O
and	Seg=O	Seg=B-seg
immersion	Seg=O	Seg=O
training	Seg=O	Seg=O
[	Seg=B-seg	Seg=O
21	Seg=O	Seg=O
]	Seg=O	Seg=O
0	Seg=O	Seg=B-seg
[	Seg=O	Seg=O
23	Seg=O	Seg=B-seg
]	Seg=O	Seg=O
0	Seg=O	Seg=O
[	Seg=O	Seg=O
24	Seg=O	Seg=O
]	Seg=O	Seg=O
.	Seg=O	Seg=O
The	Seg=B-seg	Seg=O
training	Seg=O	Seg=O
lasted	Seg=O	Seg=O
varying	Seg=O	Seg=O
lengths	Seg=O	Seg=O
of	Seg=O	Seg=O
time	Seg=O	Seg=O
0	Seg=O	Seg=O
apparently	Seg=O	Seg=O
usually	Seg=O	Seg=O
in	Seg=O	Seg=B-seg
the	Seg=O	Seg=O
range	Seg=O	Seg=O
of	Seg=O	Seg=O
a	Seg=O	Seg=O
few	Seg=O	Seg=O
years	Seg=O	Seg=O
0	Seg=O	Seg=O
and	Seg=B-seg	Seg=O
resulted	Seg=O	Seg=O
in	Seg=O	Seg=O
seemingly	Seg=O	Seg=O
varying	Seg=O	Seg=B-seg
proficiency	Seg=O	Seg=O
levels	Seg=O	Seg=O
(	Seg=B-seg	Seg=O
though	Seg=O	Seg=O
not	Seg=O	Seg=O
directly	Seg=O	Seg=O
measured	Seg=O	Seg=O
0	Seg=O	Seg=O
except	Seg=O	Seg=O
by	Seg=O	Seg=O
[	Seg=O	Seg=O
24	Seg=O	Seg=O
]	Seg=O	Seg=O
)	Seg=O	Seg=B-seg
prior	Seg=B-seg	Seg=O
to	Seg=O	Seg=O
the	Seg=O	Seg=O
period	Seg=O	Seg=O
of	Seg=O	Seg=O
limited	Seg=O	Seg=O
exposure	Seg=O	Seg=O
.	Seg=O	Seg=O
Overall	Seg=B-seg	Seg=O
0	Seg=O	Seg=O
the	Seg=O	Seg=O
results	Seg=O	Seg=B-seg
of	Seg=O	Seg=O
the	Seg=O	Seg=O
six	Seg=O	Seg=O
studies	Seg=O	Seg=B-seg
have	Seg=O	Seg=O
been	Seg=O	Seg=O
taken	Seg=O	Seg=O
to	Seg=O	Seg=O
suggest	Seg=O	Seg=B-seg
the	Seg=O	Seg=O
following	Seg=O	Seg=O
.	Seg=O	Seg=O
A	Seg=B-seg	Seg=B-seg
period	Seg=O	Seg=O
of	Seg=O	Seg=O
limited	Seg=O	Seg=O
exposure	Seg=O	Seg=O
generally	Seg=O	Seg=O
leads	Seg=O	Seg=O
to	Seg=O	Seg=O
attrition	Seg=O	Seg=O
(	Seg=B-seg	Seg=O
loss	Seg=O	Seg=O
)	Seg=O	Seg=O
of	Seg=B-seg	Seg=O
L2	Seg=O	Seg=O
performance	Seg=O	Seg=O
or	Seg=O	Seg=B-seg
knowledge	Seg=O	Seg=O
[	Seg=B-seg	Seg=O
17	Seg=O	Seg=O
]	Seg=O	Seg=O
0	Seg=O	Seg=O
[	Seg=O	Seg=O
18	Seg=O	Seg=O
]	Seg=O	Seg=B-seg
0	Seg=O	Seg=O
[	Seg=O	Seg=O
21	Seg=O	Seg=O
]	Seg=O	Seg=O
0	Seg=O	Seg=O
[	Seg=O	Seg=O
23	Seg=O	Seg=O
]	Seg=O	Seg=O
.	Seg=O	Seg=O
Such	Seg=B-seg	Seg=O
loss	Seg=O	Seg=O
has	Seg=O	Seg=O
been	Seg=O	Seg=O
observed	Seg=O	Seg=O
after	Seg=O	Seg=O
as	Seg=O	Seg=O
little	Seg=O	Seg=O
as	Seg=O	Seg=O
a	Seg=O	Seg=O
few	Seg=O	Seg=O
months	Seg=O	Seg=O
of	Seg=O	Seg=O
limited	Seg=O	Seg=O
exposure	Seg=O	Seg=O
0	Seg=O	Seg=O
e.g.	Seg=O	Seg=O
0	Seg=O	Seg=O
after	Seg=O	Seg=O
a	Seg=O	Seg=O
1	Seg=O	Seg=O
-0	Seg=O	Seg=O
7	Seg=O	Seg=O
month	Seg=O	Seg=O
[	Seg=B-seg	Seg=O
23	Seg=O	Seg=O
]	Seg=O	Seg=O
or	Seg=B-seg	Seg=O
6	Seg=O	Seg=O
month	Seg=O	Seg=O
delay	Seg=O	Seg=O
[	Seg=B-seg	Seg=O
21	Seg=O	Seg=O
]	Seg=O	Seg=O
0	Seg=O	Seg=O
as	Seg=B-seg	Seg=O
well	Seg=O	Seg=B-seg
as	Seg=O	Seg=O
after	Seg=O	Seg=O
2	Seg=O	Seg=O
years	Seg=O	Seg=O
[	Seg=B-seg	Seg=O
18	Seg=O	Seg=O
]	Seg=O	Seg=O
0	Seg=O	Seg=O
though	Seg=B-seg	Seg=O
in	Seg=O	Seg=O
one	Seg=O	Seg=O
case	Seg=O	Seg=O
it	Seg=O	Seg=O
was	Seg=O	Seg=O
observed	Seg=O	Seg=O
only	Seg=O	Seg=O
by	Seg=O	Seg=O
3	Seg=O	Seg=O
-0	Seg=O	Seg=O
5	Seg=O	Seg=B-seg
years	Seg=O	Seg=B-seg
0	Seg=O	Seg=O
and	Seg=O	Seg=O
not	Seg=O	Seg=O
earlier	Seg=O	Seg=O
[	Seg=B-seg	Seg=O
17	Seg=O	Seg=O
]	Seg=O	Seg=O
.	Seg=O	Seg=O
Although	Seg=B-seg	Seg=B-seg
attrition	Seg=O	Seg=O
may	Seg=O	Seg=O
take	Seg=O	Seg=O
place	Seg=O	Seg=B-seg
within	Seg=O	Seg=B-seg
the	Seg=O	Seg=O
first	Seg=O	Seg=O
few	Seg=O	Seg=O
years	Seg=O	Seg=O
0	Seg=O	Seg=O
some	Seg=B-seg	Seg=O
studies	Seg=O	Seg=B-seg
suggest	Seg=O	Seg=O
that	Seg=B-seg	Seg=O
it	Seg=O	Seg=O
then	Seg=O	Seg=O
appears	Seg=O	Seg=O
to	Seg=O	Seg=O
level	Seg=O	Seg=O
off	Seg=O	Seg=B-seg
0	Seg=O	Seg=O
with	Seg=B-seg	Seg=O
no	Seg=O	Seg=B-seg
further	Seg=O	Seg=B-seg
losses	Seg=O	Seg=O
occurring	Seg=O	Seg=O
[	Seg=B-seg	Seg=O
17	Seg=O	Seg=O
]	Seg=O	Seg=O
0	Seg=O	Seg=O
[	Seg=O	Seg=O
18	Seg=O	Seg=O
]	Seg=O	Seg=O
.	Seg=O	Seg=O
Higher	Seg=B-seg	Seg=O
levels	Seg=O	Seg=O
of	Seg=O	Seg=O
proficiency	Seg=O	Seg=O
(	Seg=B-seg	Seg=O
or	Seg=O	Seg=O
exposure	Seg=O	Seg=B-seg
)	Seg=O	Seg=O
may	Seg=B-seg	Seg=O
be	Seg=O	Seg=O
associated	Seg=O	Seg=B-seg
with	Seg=O	Seg=O
less	Seg=O	Seg=O
attrition	Seg=O	Seg=O
[	Seg=B-seg	Seg=O
17	Seg=O	Seg=O
]	Seg=O	Seg=O
0	Seg=O	Seg=O
[	Seg=O	Seg=O
18	Seg=O	Seg=O
]	Seg=O	Seg=O
0	Seg=O	Seg=O
[	Seg=O	Seg=O
21	Seg=O	Seg=O
]	Seg=O	Seg=O
0	Seg=O	Seg=O
[	Seg=O	Seg=O
23	Seg=O	Seg=B-seg
]	Seg=O	Seg=O
or	Seg=B-seg	Seg=B-seg
even	Seg=O	Seg=O
with	Seg=O	Seg=O
no	Seg=O	Seg=O
observed	Seg=O	Seg=O
losses	Seg=O	Seg=O
[	Seg=B-seg	Seg=O
21	Seg=O	Seg=O
]	Seg=O	Seg=O
.	Seg=O	Seg=O
Moreover	Seg=B-seg	Seg=O
0	Seg=O	Seg=O
one	Seg=O	Seg=O
study	Seg=O	Seg=O
found	Seg=O	Seg=O
no	Seg=O	Seg=O
changes	Seg=O	Seg=O
at	Seg=O	Seg=O
all	Seg=O	Seg=O
in	Seg=O	Seg=O
performance	Seg=O	Seg=O
0	Seg=O	Seg=O
across	Seg=O	Seg=O
proficiency	Seg=O	Seg=B-seg
levels	Seg=O	Seg=O
0	Seg=O	Seg=O
after	Seg=O	Seg=B-seg
either	Seg=O	Seg=O
2	Seg=O	Seg=O
or	Seg=O	Seg=O
4	Seg=O	Seg=O
years	Seg=O	Seg=O
of	Seg=O	Seg=O
limited	Seg=O	Seg=O
exposure	Seg=O	Seg=O
[	Seg=B-seg	Seg=O
22	Seg=O	Seg=O
]	Seg=O	Seg=O
.	Seg=O	Seg=O
Finally	Seg=B-seg	Seg=O
0	Seg=O	Seg=O
in	Seg=O	Seg=O
some	Seg=O	Seg=O
cases	Seg=O	Seg=O
a	Seg=O	Seg=O
gain	Seg=O	Seg=O
in	Seg=O	Seg=O
performance	Seg=O	Seg=O
has	Seg=O	Seg=O
been	Seg=O	Seg=O
observed	Seg=O	Seg=O
:	Seg=O	Seg=O
after	Seg=B-seg	Seg=O
1.5	Seg=O	Seg=O
years	Seg=O	Seg=O
of	Seg=O	Seg=O
limited	Seg=O	Seg=O
exposure	Seg=O	Seg=O
in	Seg=O	Seg=O
one	Seg=O	Seg=O
study	Seg=O	Seg=O
0	Seg=O	Seg=O
particularly	Seg=O	Seg=O
for	Seg=O	Seg=O
L2	Seg=O	Seg=O
learners	Seg=O	Seg=O
with	Seg=O	Seg=O
immersion	Seg=O	Seg=O
as	Seg=O	Seg=O
well	Seg=O	Seg=O
as	Seg=O	Seg=O
classroom	Seg=O	Seg=O
training	Seg=O	Seg=O
[	Seg=B-seg	Seg=O
24	Seg=O	Seg=O
]	Seg=O	Seg=O
0	Seg=O	Seg=O
and	Seg=B-seg	Seg=O
observed	_	Seg=O
in	Seg=O	Seg=O
another	Seg=O	Seg=O
study	Seg=O	Seg=O
after	Seg=O	Seg=O
2	Seg=O	Seg=O
years	Seg=O	Seg=B-seg
0	Seg=O	Seg=O
though	Seg=B-seg	Seg=B-seg
only	Seg=O	Seg=O
for	Seg=O	Seg=O
some	Seg=O	Seg=O
abilities	Seg=O	Seg=O
0	Seg=O	Seg=O
such	Seg=O	Seg=O
as	Seg=O	Seg=O
listening	Seg=O	Seg=O
and	Seg=O	Seg=O
reading	Seg=O	Seg=O
comprehension	Seg=O	Seg=O
[	Seg=B-seg	Seg=O
18	Seg=O	Seg=O
]	Seg=O	Seg=O
.	Seg=O	Seg=O
It	Seg=B-seg	Seg=O
remains	Seg=O	Seg=O
unclear	Seg=O	Seg=O
what	Seg=O	Seg=O
might	Seg=O	Seg=O
explain	Seg=O	Seg=O
such	Seg=O	Seg=O
gains	Seg=O	Seg=O
0	Seg=O	Seg=O
which	Seg=B-seg	Seg=O
have	Seg=O	Seg=O
been	Seg=O	Seg=O
attributed	Seg=O	Seg=O
to	Seg=O	Seg=O
motivation	Seg=O	Seg=O
and	Seg=O	Seg=O
to	Seg=O	Seg=O
L2	Seg=O	Seg=O
experience	Seg=O	Seg=O
during	Seg=O	Seg=O
the	Seg=O	Seg=O
period	Seg=O	Seg=O
of	Seg=O	Seg=O
ostensibly	Seg=O	Seg=O
limited	Seg=O	Seg=O
exposure	Seg=O	Seg=O
[	Seg=B-seg	Seg=O
24	Seg=O	Seg=O
]	Seg=O	Seg=O
0	Seg=O	
or	Seg=B-seg	
to	Seg=O	Seg=B-seg
factors	Seg=O	Seg=O
related	Seg=B-seg	Seg=O
to	Seg=O	Seg=O
general	Seg=O	Seg=B-seg
maturation	Seg=O	Seg=O
0	Seg=O	Seg=O
cognitive	Seg=O	Seg=O
development	Seg=O	Seg=O
0	Seg=O	Seg=B-seg
or	Seg=O	Seg=O
continued	Seg=O	Seg=O
academic	Seg=O	Seg=B-seg
training	Seg=O	Seg=O
[	Seg=B-seg	Seg=O
18	Seg=O	Seg=B-seg
]	Seg=O	Seg=O
.	Seg=O	Seg=O
		Seg=O
		Seg=O
Digital	Seg=B-seg	Seg=O
Humanities	Seg=O	Seg=O
Clinics	Seg=O	Seg=O
-0	Seg=O	Seg=O
Leading	Seg=B-seg	Seg=O
Dutch	Seg=O	Seg=O
Librarians	Seg=O	Seg=O
into	Seg=O	Seg=O
DH	Seg=O	Seg=O
Michiel	Seg=B-seg	Seg=O
Cock	Seg=O	Seg=O
m.p.cock@vu.nl	Seg=O	Seg=O
Vrije	Seg=O	Seg=O
Universiteit	Seg=O	Seg=O
Amsterdam	Seg=O	Seg=O
0	Seg=O	Seg=O
the	Seg=O	Seg=O
Netherlands	Seg=O	Seg=O
Lotte	Seg=B-seg	Seg=O
Wilms	Seg=O	Seg=O
lotte.wilms@kb.nl	Seg=O	Seg=O
National	Seg=O	Seg=O
Library	Seg=O	Seg=O
of	Seg=O	Seg=O
the	Seg=O	Seg=O
Netherlands	Seg=O	Seg=O
0	Seg=O	Seg=O
the	Seg=O	Seg=O
Netherlands	Seg=O	Seg=O
In	Seg=B-seg	Seg=O
2015	Seg=O	Seg=O
0	Seg=O	Seg=O
an	Seg=O	Seg=O
initiative	Seg=O	Seg=O
was	Seg=O	Seg=O
started	Seg=O	Seg=O
to	Seg=B-seg	Seg=O
set	Seg=O	Seg=O
up	Seg=O	Seg=O
a	Seg=O	Seg=O
Dutch	Seg=O	Seg=B-seg
speaking	Seg=O	Seg=O
DH+Lib	Seg=O	Seg=B-seg
community	Seg=O	Seg=O
in	Seg=O	Seg=O
the	Seg=O	Seg=O
Netherlands	Seg=O	Seg=O
and	Seg=O	Seg=O
Belgium	Seg=O	Seg=O
0	Seg=O	Seg=B-seg
based	Seg=B-seg	Seg=O
on	Seg=O	Seg=O
the	Seg=O	Seg=O
example	Seg=O	Seg=O
of	Seg=O	Seg=O
the	Seg=O	Seg=O
American	Seg=O	Seg=O
communal	Seg=O	Seg=B-seg
space	Seg=O	Seg=O
of	Seg=O	Seg=B-seg
librarians	Seg=O	Seg=O
0	Seg=O	Seg=O
archivists	Seg=O	Seg=B-seg
0	Seg=O	Seg=O
LIS	Seg=O	Seg=O
graduate	Seg=O	Seg=O
students	Seg=O	Seg=O
0	Seg=O	Seg=O
and	Seg=O	Seg=O
information	Seg=O	Seg=O
specialists	Seg=O	Seg=O
to	Seg=B-seg	Seg=O
discuss	Seg=O	Seg=O
topics	Seg=O	Seg=O
‘	Seg=B-seg	Seg=O
Where	Seg=O	Seg=O
the	Seg=O	Seg=O
Digital	Seg=O	Seg=B-seg
Humanities	Seg=O	Seg=O
and	Seg=O	Seg=O
Libraries	Seg=O	Seg=O
meet	Seg=O	Seg=B-seg
’	Seg=O	Seg=O
.	Seg=O	Seg=O
At	Seg=B-seg	Seg=O
the	Seg=O	Seg=O
initial	Seg=O	Seg=O
meeting	Seg=O	Seg=B-seg
it	Seg=O	Seg=O
became	Seg=O	Seg=O
apparent	Seg=O	Seg=O
that	Seg=O	Seg=O
most	Seg=O	Seg=B-seg
participants	Seg=O	Seg=O
were	Seg=O	Seg=O
there	Seg=O	Seg=O
to	Seg=B-seg	Seg=O
learn	Seg=O	Seg=O
more	Seg=O	Seg=O
about	Seg=O	Seg=O
digital	Seg=O	Seg=O
humanities	Seg=O	Seg=O
and	Seg=B-seg	Seg=O
were	Seg=O	Seg=O
not	Seg=O	Seg=O
(	Seg=B-seg	Seg=O
yet	Seg=O	Seg=O
)	Seg=O	Seg=O
in	Seg=B-seg	Seg=O
the	Seg=O	Seg=O
situation	Seg=O	Seg=O
where	Seg=B-seg	Seg=O
they	Seg=O	Seg=O
were	Seg=O	Seg=B-seg
able	Seg=O	Seg=O
to	Seg=O	Seg=O
offer	Seg=O	Seg=O
expertise	Seg=O	Seg=O
on	Seg=O	Seg=O
the	Seg=O	Seg=B-seg
subject	Seg=O	Seg=O
.	Seg=O	Seg=O
On	Seg=B-seg	Seg=O
the	Seg=O	Seg=B-seg
administrative	Seg=O	Seg=O
level	Seg=O	Seg=O
0	Seg=O	Seg=O
the	Seg=O	Seg=O
directors	Seg=O	Seg=O
of	Seg=O	Seg=O
the	Seg=O	Seg=O
libraries	Seg=O	Seg=O
participating	Seg=B-seg	Seg=O
in	Seg=O	Seg=O
the	Seg=O	Seg=O
consortium	Seg=O	Seg=O
of	Seg=O	Seg=O
Dutch	Seg=O	Seg=O
academic	Seg=O	Seg=O
libraries	Seg=O	Seg=O
(	Seg=B-seg	Seg=O
UKB	Seg=O	Seg=O
)	Seg=O	Seg=O
also	Seg=B-seg	Seg=O
expressed	Seg=O	Seg=O
the	Seg=O	Seg=O
wish	Seg=O	Seg=B-seg
that	Seg=B-seg	Seg=O
librarians	Seg=O	Seg=O
become	Seg=O	Seg=O
more	Seg=O	Seg=B-seg
fluent	Seg=O	Seg=B-seg
in	Seg=O	Seg=O
DH	Seg=O	Seg=O
.	Seg=O	Seg=O
A	Seg=B-seg	Seg=O
year	Seg=O	Seg=O
later	Seg=O	Seg=B-seg
0	Seg=O	Seg=O
the	Seg=O	Seg=O
National	Seg=O	Seg=O
Library	Seg=O	Seg=O
of	Seg=O	Seg=O
the	Seg=O	Seg=O
Netherlands	Seg=O	Seg=O
(	Seg=B-seg	Seg=O
Koninklijke	Seg=O	Seg=O
Bibliotheek	Seg=O	Seg=O
)	Seg=O	Seg=O
0	Seg=O	Seg=O
and	Seg=B-seg	Seg=B-seg
the	Seg=O	Seg=B-seg
University	Seg=O	Seg=O
Library	Seg=O	Seg=O
of	Seg=O	Seg=O
the	Seg=O	Seg=O
Vrije	Seg=O	Seg=B-seg
Universiteit	Seg=O	Seg=O
Amsterdam	Seg=O	Seg=O
again	Seg=O	Seg=O
concluded	Seg=O	Seg=O
that	Seg=B-seg	Seg=O
librarians	Seg=O	Seg=O
at	Seg=O	Seg=O
their	Seg=O	Seg=O
institutes	Seg=O	Seg=O
who	Seg=B-seg	Seg=B-seg
wanted	Seg=O	Seg=O
to	Seg=O	Seg=O
get	Seg=O	Seg=O
involved	Seg=O	Seg=O
in	Seg=O	Seg=O
DH	Seg=O	Seg=O
needed	Seg=B-seg	Seg=O
more	Seg=O	Seg=O
training	Seg=O	Seg=O
to	Seg=B-seg	Seg=O
adequately	Seg=O	Seg=O
support	Seg=O	Seg=B-seg
researchers	Seg=O	Seg=B-seg
and	Seg=O	Seg=O
students	Seg=O	Seg=O
in	Seg=O	Seg=O
this	Seg=O	Seg=O
field	Seg=O	Seg=O
.	Seg=O	Seg=O
Therefore	Seg=B-seg	Seg=O
both	Seg=O	Seg=O
institutes	Seg=O	Seg=O
joined	Seg=O	Seg=O
forces	Seg=O	Seg=O
to	Seg=B-seg	Seg=O
develop	Seg=O	Seg=O
a	Seg=O	Seg=O
set	Seg=O	Seg=O
of	Seg=O	Seg=O
clinics	Seg=O	Seg=O
on	Seg=O	Seg=O
DH	Seg=O	Seg=O
for	Seg=O	Seg=O
librarians	Seg=O	Seg=O
.	Seg=O	Seg=O
The	Seg=B-seg	Seg=O
two	Seg=O	Seg=O
institutes	Seg=O	Seg=O
were	Seg=O	Seg=O
later	Seg=O	Seg=O
joined	Seg=O	Seg=O
by	Seg=O	Seg=O
the	Seg=O	Seg=B-seg
Leiden	Seg=O	Seg=O
University	Seg=O	Seg=O
Libraries	Seg=O	Seg=B-seg
.	Seg=O	Seg=O
We	Seg=B-seg	Seg=O
see	Seg=O	Seg=O
this	Seg=O	Seg=O
as	Seg=O	Seg=O
the	Seg=O	Seg=O
ideal	Seg=O	Seg=O
opportunity	Seg=O	Seg=O
to	Seg=B-seg	Seg=O
provide	Seg=O	Seg=O
these	Seg=O	Seg=O
educative	Seg=O	Seg=O
sessions	Seg=O	Seg=O
not	Seg=O	Seg=O
only	Seg=O	Seg=B-seg
to	Seg=O	Seg=O
our	Seg=O	Seg=B-seg
own	Seg=O	Seg=O
librarians	Seg=O	Seg=O
0	Seg=O	Seg=O
but	Seg=B-seg	Seg=O
also	Seg=O	Seg=O
to	Seg=O	Seg=O
the	Seg=O	Seg=O
academic	Seg=O	Seg=O
librarians	Seg=O	Seg=O
of	Seg=O	Seg=B-seg
other	Seg=O	Seg=O
Dutch	Seg=O	Seg=O
research	Seg=O	Seg=B-seg
libraries	Seg=O	Seg=O
.	Seg=O	Seg=O
In	Seg=B-seg	Seg=O
essence	Seg=O	Seg=O
0	Seg=O	Seg=O
we	Seg=O	Seg=O
want	Seg=O	Seg=O
to	Seg=O	Seg=O
teach	Seg=O	Seg=O
our	Seg=O	Seg=B-seg
country’s	_	Seg=O
country	Seg=O	Seg=O
’s	Seg=O	Seg=O
librarians	Seg=O	Seg=O
the	Seg=O	Seg=O
ins	Seg=O	Seg=O
and	Seg=O	Seg=O
outs	Seg=O	Seg=O
of	Seg=O	Seg=O
DH	Seg=O	Seg=O
in	Seg=B-seg	Seg=O
order	Seg=O	Seg=O
for	Seg=O	Seg=O
them	Seg=O	Seg=O
to	Seg=O	Seg=O
take	Seg=O	Seg=O
up	Seg=O	Seg=O
their	Seg=O	Seg=O
natural	Seg=O	Seg=O
role	Seg=O	Seg=O
of	Seg=B-seg	Seg=O
facilitating	Seg=O	Seg=O
and	Seg=O	Seg=O
supporting	Seg=O	Seg=O
research	Seg=O	Seg=O
and	Seg=B-seg	Seg=O
ideally	Seg=O	Seg=O
become	Seg=O	Seg=O
the	Seg=O	Seg=O
research	Seg=O	Seg=O
partner	Seg=O	Seg=O
needed	Seg=B-seg	Seg=O
in	Seg=O	Seg=O
DH	Seg=O	Seg=O
projects	Seg=O	Seg=O
.	Seg=O	Seg=B-seg
The	Seg=B-seg	Seg=O
aim	Seg=O	Seg=O
of	Seg=O	Seg=O
these	Seg=O	Seg=O
clinics	Seg=O	Seg=B-seg
is	Seg=O	Seg=O
to	Seg=O	Seg=O
provide	Seg=O	Seg=O
basic	Seg=O	Seg=O
methodological	Seg=O	Seg=O
competencies	Seg=O	Seg=O
and	Seg=O	Seg=O
technical	Seg=O	Seg=O
skills	Seg=O	Seg=O
in	Seg=O	Seg=B-seg
DH	Seg=O	Seg=O
0	Seg=O	Seg=O
for	Seg=O	Seg=O
a	Seg=O	Seg=O
diverse	Seg=O	Seg=O
group	Seg=O	Seg=O
of	Seg=O	Seg=O
librarians	Seg=O	Seg=B-seg
0	Seg=O	Seg=B-seg
consisting	Seg=B-seg	Seg=O
of	Seg=O	Seg=O
both	Seg=O	Seg=O
subject	Seg=O	Seg=O
and	Seg=O	Seg=O
technical	Seg=O	Seg=O
librarians	Seg=O	Seg=O
with	Seg=O	Seg=O
basic	Seg=O	Seg=B-seg
technical	Seg=O	Seg=O
skills	Seg=O	Seg=O
.	Seg=O	Seg=O
The	Seg=B-seg	Seg=O
content	Seg=O	Seg=O
of	Seg=O	Seg=O
these	Seg=O	Seg=O
sessions	Seg=O	Seg=O
should	Seg=O	Seg=O
enable	Seg=O	Seg=B-seg
them	Seg=O	Seg=B-seg
to	Seg=O	Seg=O
provide	Seg=O	Seg=O
services	Seg=O	Seg=O
to	Seg=O	Seg=O
researchers	Seg=O	Seg=O
and	Seg=O	Seg=O
students	Seg=O	Seg=O
0	Seg=O	Seg=O
identify	Seg=O	Seg=O
remaining	Seg=O	Seg=O
gaps	Seg=O	Seg=O
in	Seg=O	Seg=O
knowledge	Seg=O	Seg=O
or	Seg=O	Seg=B-seg
skills	Seg=O	Seg=O
that	Seg=B-seg	Seg=O
they	Seg=O	Seg=O
could	Seg=O	Seg=O
address	Seg=O	Seg=O
by	Seg=O	Seg=O
self	Seg=O	Seg=O
-0	Seg=O	Seg=B-seg
directed	Seg=O	Seg=O
learning	Seg=O	Seg=O
and	Seg=B-seg	Seg=B-seg
(	Seg=B-seg	Seg=O
perhaps	Seg=O	Seg=O
)	Seg=O	Seg=O
to	Seg=B-seg	Seg=O
automate	Seg=O	Seg=B-seg
their	Seg=O	Seg=O
daily	Seg=O	Seg=O
library	Seg=O	Seg=O
work	Seg=O	Seg=O
.	Seg=O	Seg=O
We	Seg=B-seg	Seg=O
are	Seg=O	Seg=O
not	Seg=O	Seg=B-seg
setting	Seg=O	Seg=O
out	Seg=O	Seg=O
to	Seg=O	Seg=B-seg
turn	Seg=O	Seg=O
them	Seg=O	Seg=O
into	Seg=O	Seg=O
programmers	Seg=O	Seg=O
or	Seg=O	Seg=O
data	Seg=O	Seg=O
crunchers	Seg=O	Seg=O
0	Seg=O	Seg=O
but	Seg=B-seg	Seg=O
want	Seg=O	Seg=O
to	Seg=O	Seg=B-seg
boost	Seg=O	Seg=O
their	Seg=O	Seg=O
knowledge	Seg=O	Seg=O
level	Seg=O	Seg=O
to	Seg=B-seg	Seg=O
where	Seg=O	Seg=B-seg
they	Seg=O	Seg=O
feel	Seg=O	Seg=O
comfortable	Seg=O	Seg=O
providing	Seg=B-seg	Seg=O
information	Seg=O	Seg=O
about	Seg=O	Seg=O
DH	Seg=O	Seg=O
projects	Seg=O	Seg=O
0	Seg=O	Seg=O
follow	Seg=B-seg	Seg=O
the	Seg=O	Seg=O
literature	Seg=O	Seg=O
and	Seg=O	Seg=O
research	Seg=O	Seg=O
0	Seg=O	Seg=B-seg
follow	Seg=B-seg	Seg=O
online	Seg=O	Seg=O
tutorials	Seg=O	Seg=O
and	Seg=B-seg	Seg=O
hopefully	Seg=O	Seg=O
take	Seg=O	Seg=O
up	Seg=O	Seg=O
the	Seg=O	Seg=O
challenge	Seg=O	Seg=O
of	Seg=B-seg	Seg=O
finishing	Seg=O	Seg=O
this	Seg=O	Seg=B-seg
professional	Seg=O	Seg=O
development	Seg=O	Seg=O
by	Seg=B-seg	Seg=O
engaging	Seg=O	Seg=O
with	Seg=O	Seg=O
the	Seg=O	Seg=O
DH	Seg=O	Seg=O
community	Seg=O	Seg=O
.	Seg=O	Seg=O
In	Seg=B-seg	Seg=O
order	Seg=O	Seg=O
to	Seg=O	Seg=O
design	Seg=O	Seg=O
this	Seg=O	Seg=O
curriculum	Seg=O	Seg=O
we	Seg=B-seg	Seg=O
follow	Seg=O	Seg=O
a	Seg=O	Seg=O
four	Seg=O	Seg=O
step	Seg=O	Seg=B-seg
approach	Seg=O	Seg=O
with	Seg=O	Seg=O
a	Seg=O	Seg=O
Working	Seg=O	Seg=O
Out	Seg=O	Seg=O
Loud	Seg=O	Seg=O
-0	Seg=O	Seg=O
principle	Seg=O	Seg=O
(	Seg=B-seg	Seg=O
Williams	Seg=O	Seg=O
0	Seg=O	Seg=O
2010	Seg=O	Seg=O
)	Seg=O	Seg=O
:	Seg=O	Seg=B-seg
Desk	Seg=B-seg	Seg=B-seg
research	Seg=O	Seg=B-seg
about	Seg=O	Seg=B-seg
what	Seg=O	Seg=O
being	Seg=O	Seg=B-seg
a	Seg=O	Seg=O
DH	Seg=O	Seg=O
librarian	Seg=O	Seg=O
entails	Seg=O	Seg=O
(	Seg=B-seg	Seg=O
e.g.	Seg=O	Seg=O
Hartsell	Seg=O	Seg=O
-0	Seg=O	Seg=O
Gundy	Seg=O	Seg=O
et	Seg=O	Seg=O
al.	Seg=O	Seg=O
0	Seg=O	Seg=O
2015	Seg=O	Seg=O
;	Seg=O	Seg=O
Mulligan	Seg=B-seg	Seg=O
0	Seg=O	Seg=O
2016	Seg=O	Seg=O
;	Seg=O	Seg=O
also	Seg=B-seg	Seg=O
see	Seg=O	Seg=B-seg
the	Seg=O	Seg=B-seg
Zotero	Seg=O	Seg=O
library	Seg=O	Seg=O
of	Seg=O	Seg=B-seg
the	Seg=O	Seg=O
LIBER	Seg=O	Seg=O
Digital	Seg=O	Seg=O
Humanities	Seg=O	Seg=O
working	Seg=O	Seg=O
group	Seg=O	Seg=O
)	Seg=O	Seg=O
;	Seg=O	Seg=O
Identify	Seg=B-seg	Seg=O
possible	Seg=O	Seg=O
subjects	Seg=O	Seg=O
0	Seg=O	Seg=O
based	Seg=B-seg	Seg=O
on	Seg=O	Seg=O
experience	Seg=O	Seg=O
0	Seg=O	Seg=O
a	Seg=O	Seg=O
comparison	Seg=O	Seg=O
of	Seg=O	Seg=O
existing	Seg=O	Seg=O
teaching	Seg=O	Seg=O
material	Seg=O	Seg=O
related	Seg=B-seg	Seg=O
to	Seg=O	Seg=O
DH	Seg=O	Seg=O
(	Seg=B-seg	Seg=B-seg
e.g.	Seg=O	Seg=O
The	Seg=O	Seg=O
Programming	Seg=O	Seg=B-seg
Historian	Seg=O	Seg=O
0	Seg=O	Seg=O
the	Seg=O	Seg=O
Digital	Seg=O	Seg=O
Scholarship	Seg=O	Seg=O
Training	Seg=O	Seg=O
Programme	Seg=O	Seg=O
at	Seg=O	Seg=O
the	Seg=O	Seg=O
British	Seg=O	Seg=B-seg
Library	Seg=O	Seg=O
and	Seg=O	Seg=O
Columbia	Seg=O	Seg=B-seg
University's	_	Seg=O
University	Seg=O	Seg=O
s	Seg=O	Seg=O
Developing	Seg=O	Seg=O
Librarian	Seg=O	Seg=O
project	Seg=O	Seg=O
)	Seg=O	Seg=O
and	Seg=B-seg	Seg=O
the	Seg=O	Seg=O
TaDiRAH	Seg=O	Seg=O
taxonomy	Seg=O	Seg=O
of	Seg=O	Seg=O
research	Seg=O	Seg=O
activities	Seg=O	Seg=O
;	Seg=O	Seg=O
Get	Seg=B-seg	Seg=B-seg
feedback	Seg=O	Seg=O
from	Seg=O	Seg=B-seg
researchers	Seg=O	Seg=O
on	Seg=O	Seg=O
possible	Seg=O	Seg=O
subjects	Seg=O	Seg=B-seg
0	Seg=O	Seg=O
based	Seg=B-seg	Seg=O
on	Seg=O	Seg=O
the	Seg=O	Seg=B-seg
knowledge	Seg=O	Seg=B-seg
and	Seg=O	Seg=O
skills	Seg=O	Seg=O
they	Seg=B-seg	Seg=O
feel	Seg=O	Seg=O
librarians	Seg=B-seg	Seg=O
need	Seg=O	Seg=O
;	Seg=O	Seg=B-seg
Get	Seg=B-seg	Seg=B-seg
feedback	Seg=O	Seg=O
from	Seg=O	Seg=O
librarians	Seg=O	Seg=O
on	Seg=O	Seg=B-seg
possible	Seg=O	Seg=O
subjects	Seg=O	Seg=O
0	Seg=O	Seg=O
based	Seg=B-seg	Seg=O
on	Seg=O	Seg=O
already	Seg=O	Seg=O
known	Seg=O	Seg=O
gaps	Seg=O	Seg=O
in	Seg=O	Seg=O
their	Seg=O	Seg=O
knowledge	Seg=O	Seg=O
and	Seg=O	Seg=O
skills	Seg=O	Seg=O
.	Seg=O	Seg=B-seg
With	Seg=B-seg	Seg=O
these	Seg=O	Seg=O
in	Seg=O	Seg=O
hand	Seg=O	Seg=O
0	Seg=O	Seg=O
we	Seg=B-seg	Seg=O
will	Seg=O	Seg=B-seg
design	Seg=O	Seg=B-seg
the	Seg=O	Seg=O
curriculum	Seg=O	Seg=O
of	Seg=O	Seg=O
clinics	Seg=O	Seg=O
0	Seg=O	Seg=O
based	Seg=B-seg	Seg=O
on	Seg=O	Seg=O
the	Seg=O	Seg=O
method	Seg=O	Seg=O
of	Seg=O	Seg=O
	Seg=O	Seg=O
constructive	Seg=O	Seg=O
alignment	Seg=O	Seg=O
	Seg=O	Seg=O
(	Seg=B-seg	Seg=O
Biggs	Seg=O	Seg=O
et	Seg=O	Seg=O
al.	Seg=O	Seg=O
0	Seg=O	Seg=O
2011	Seg=O	Seg=O
)	Seg=O	Seg=O
0	Seg=O	Seg=B-seg
to	Seg=B-seg	Seg=O
make	Seg=O	Seg=O
sure	Seg=O	Seg=O
that	Seg=B-seg	Seg=O
the	Seg=O	Seg=O
intended	Seg=O	Seg=B-seg
learning	Seg=O	Seg=O
objectives	Seg=O	Seg=O
and	Seg=O	Seg=O
the	Seg=O	Seg=B-seg
teaching	Seg=O	Seg=O
/	Seg=O	Seg=O
learning	Seg=O	Seg=O
activities	Seg=O	Seg=O
stay	Seg=O	Seg=O
aligned	Seg=O	Seg=O
.	Seg=O	Seg=O
Our	Seg=B-seg	Seg=O
plan	Seg=O	Seg=O
is	Seg=O	Seg=O
to	Seg=O	Seg=O
organize	Seg=O	Seg=B-seg
a	Seg=O	Seg=O
maximum	Seg=O	Seg=O
of	Seg=O	Seg=O
6	Seg=O	Seg=O
clinics	Seg=O	Seg=O
0	Seg=O	Seg=O
each	Seg=O	Seg=O
one	Seg=O	Seg=O
full	Seg=O	Seg=O
day	Seg=O	Seg=O
.	Seg=O	Seg=B-seg
Each	Seg=B-seg	Seg=O
day	Seg=O	Seg=O
starts	Seg=O	Seg=O
with	Seg=O	Seg=B-seg
one	Seg=O	Seg=O
or	Seg=O	Seg=O
more	Seg=O	Seg=O
lectures	Seg=O	Seg=O
by	Seg=O	Seg=O
researchers	Seg=O	Seg=O
0	Seg=O	Seg=O
that	Seg=B-seg	Seg=O
address	Seg=O	Seg=O
the	Seg=O	Seg=O
conceptual	Seg=O	Seg=O
knowledge	Seg=O	Seg=B-seg
needed	Seg=B-seg	Seg=O
.	Seg=O	Seg=O
The	Seg=B-seg	Seg=O
afternoon	Seg=O	Seg=O
sessions	Seg=O	Seg=O
will	Seg=O	Seg=O
be	Seg=O	Seg=O
devoted	Seg=O	Seg=O
to	Seg=O	Seg=O
the	Seg=O	Seg=O
hands	Seg=O	Seg=O
-0	Seg=O	Seg=O
on	Seg=O	Seg=O
training	Seg=O	Seg=B-seg
of	Seg=O	Seg=B-seg
skills	Seg=O	Seg=O
0	Seg=O	Seg=O
following	Seg=B-seg	Seg=O
the	Seg=O	Seg=O
Library	Seg=O	Seg=O
Carpentry	Seg=O	Seg=O
model	Seg=O	Seg=O
as	Seg=O	Seg=O
closely	Seg=O	Seg=O
as	Seg=O	Seg=O
possible	Seg=O	Seg=O
.	Seg=O	Seg=O
By	Seg=B-seg	Seg=O
having	Seg=O	Seg=O
researchers	Seg=O	
provide	Seg=O	
the	Seg=O	Seg=B-seg
lecture	Seg=O	Seg=O
sessions	Seg=O	Seg=O
0	Seg=O	Seg=O
we	Seg=B-seg	Seg=B-seg
hope	Seg=O	Seg=O
to	Seg=O	Seg=O
fuel	Seg=O	Seg=O
the	Seg=O	Seg=O
enthusiasm	Seg=O	Seg=O
of	Seg=O	Seg=O
the	Seg=O	Seg=O
librarians	Seg=O	Seg=O
with	Seg=O	Seg=O
the	Seg=O	Seg=O
inspiration	Seg=O	Seg=O
of	Seg=O	Seg=O
direct	Seg=O	Seg=O
contact	Seg=O	Seg=O
with	Seg=O	Seg=O
researchers	Seg=O	Seg=O
and	Seg=B-seg	Seg=O
to	Seg=O	Seg=O
provide	Seg=O	Seg=O
access	Seg=O	Seg=O
to	Seg=O	Seg=O
a	Seg=O	Seg=O
network	Seg=O	Seg=O
within	Seg=O	Seg=O
and	Seg=O	Seg=O
across	Seg=O	Seg=B-seg
universities	Seg=O	Seg=O
.	Seg=O	Seg=O
With	Seg=B-seg	Seg=O
these	Seg=O	Seg=O
clinics	Seg=O	Seg=O
0	Seg=O	Seg=O
we	Seg=O	Seg=O
hope	Seg=O	Seg=O
to	Seg=O	Seg=B-seg
initiate	Seg=O	Seg=O
a	Seg=O	Seg=O
stream	Seg=O	Seg=O
of	Seg=O	Seg=O
DH	Seg=O	Seg=O
activities	Seg=O	Seg=O
in	Seg=O	Seg=O
Dutch	Seg=O	Seg=O
universities	Seg=O	Seg=O
0	Seg=O	Seg=O
making	Seg=B-seg	Seg=O
access	Seg=O	Seg=O
to	Seg=O	Seg=O
support	Seg=O	Seg=O
easier	Seg=O	Seg=O
for	Seg=O	Seg=O
new	Seg=O	Seg=O
digital	Seg=O	Seg=O
scholars	Seg=O	Seg=O
.	Seg=O	Seg=O
The	Seg=B-seg	Seg=O
poster	Seg=O	Seg=B-seg
at	Seg=O	Seg=O
DH2017	Seg=O	Seg=O
will	Seg=O	Seg=O
present	Seg=O	Seg=B-seg
the	Seg=O	Seg=O
curriculum	Seg=O	Seg=B-seg
0	Seg=O	Seg=O
its	Seg=O	Seg=O
position	Seg=O	Seg=O
in	Seg=O	Seg=B-seg
the	Seg=O	Seg=O
international	Seg=O	Seg=O
context	Seg=O	Seg=O
and	Seg=B-seg	Seg=O
offer	Seg=O	Seg=O
the	Seg=O	Seg=O
lessons	Seg=O	Seg=O
learned	Seg=B-seg	Seg=O
from	Seg=O	Seg=O
both	Seg=O	Seg=O
the	Seg=O	Seg=B-seg
design	Seg=O	Seg=O
process	Seg=O	Seg=O
and	Seg=O	Seg=O
the	Seg=O	Seg=B-seg
first	Seg=O	Seg=O
clinics	Seg=O	Seg=O
.	Seg=O	Seg=O
We	Seg=B-seg	Seg=O
welcome	Seg=O	Seg=O
discussion	Seg=O	Seg=B-seg
about	Seg=O	Seg=O
our	Seg=O	Seg=O
efforts	Seg=O	Seg=O
and	Seg=O	Seg=O
the	Seg=O	Seg=O
possibilities	Seg=O	Seg=O
of	Seg=B-seg	Seg=O
applying	Seg=O	Seg=O
this	Seg=O	Seg=O
in	Seg=O	Seg=O
other	Seg=O	Seg=O
contexts	Seg=O	Seg=O
.	Seg=O	Seg=O
		Seg=O
		Seg=O
Education	Seg=B-seg	Seg=B-seg
and	Seg=O	Seg=O
early	Seg=O	Seg=O
loves	Seg=O	Seg=O
Byron	Seg=B-seg	Seg=O
received	Seg=O	Seg=O
his	Seg=O	Seg=O
early	Seg=O	Seg=O
formal	Seg=O	Seg=O
education	Seg=O	Seg=O
at	Seg=O	Seg=O
Aberdeen	Seg=O	Seg=O
Grammar	Seg=O	Seg=O
School	Seg=O	Seg=O
0	Seg=O	Seg=O
and	Seg=B-seg	Seg=O
in	Seg=O	Seg=O
August	Seg=O	Seg=O
1799	Seg=O	Seg=O
entered	Seg=O	Seg=O
the	Seg=O	Seg=O
school	Seg=O	Seg=O
of	Seg=O	Seg=O
Dr.	Seg=O	Seg=O
William	Seg=O	Seg=O
Glennie	Seg=O	Seg=O
0	Seg=O	Seg=O
in	Seg=O	Seg=O
Dulwich	Seg=O	Seg=B-seg
.	Seg=O	Seg=O
[	Seg=B-seg	Seg=O
17	Seg=O	Seg=O
]	Seg=O	Seg=O
Placed	Seg=B-seg	Seg=O
under	Seg=O	Seg=O
the	Seg=O	Seg=O
care	Seg=O	Seg=O
of	Seg=O	Seg=O
a	Seg=O	Seg=O
Dr.	Seg=O	Seg=B-seg
Bailey	Seg=O	Seg=B-seg
0	Seg=O	Seg=O
he	Seg=B-seg	Seg=O
was	Seg=O	Seg=O
encouraged	Seg=O	Seg=O
to	Seg=O	Seg=O
exercise	Seg=O	Seg=B-seg
in	Seg=O	Seg=O
moderation	Seg=O	Seg=B-seg
but	Seg=B-seg	Seg=O
not	Seg=O	Seg=O
restrain	Seg=O	Seg=O
himself	Seg=O	Seg=O
from	Seg=O	Seg=O
"	Seg=O	Seg=B-seg
violent	Seg=O	Seg=O
"	Seg=O	Seg=O
bouts	Seg=O	Seg=O
in	Seg=O	Seg=B-seg
an	Seg=O	Seg=O
attempt	Seg=O	Seg=O
to	Seg=B-seg	Seg=O
overcompensate	Seg=O	Seg=B-seg
for	Seg=O	Seg=O
his	Seg=O	Seg=O
deformed	Seg=O	Seg=O
foot	Seg=O	Seg=O
.	Seg=O	Seg=O
His	Seg=B-seg	Seg=O
mother	Seg=O	Seg=O
interfered	Seg=O	Seg=B-seg
with	Seg=O	Seg=O
his	Seg=O	Seg=B-seg
studies	Seg=O	Seg=O
0	Seg=O	Seg=O
often	Seg=B-seg	Seg=O
withdrawing	Seg=O	Seg=O
him	Seg=O	Seg=O
from	Seg=O	Seg=O
school	Seg=O	Seg=O
0	Seg=O	Seg=O
with	Seg=B-seg	Seg=O
the	Seg=O	Seg=O
result	Seg=O	Seg=O
that	Seg=B-seg	Seg=O
he	Seg=O	Seg=O
lacked	Seg=O	Seg=O
discipline	Seg=O	Seg=O
and	Seg=B-seg	Seg=O
his	Seg=O	Seg=O
classical	Seg=O	Seg=O
studies	Seg=O	Seg=O
were	Seg=O	Seg=O
neglected	Seg=O	Seg=O
.	Seg=O	Seg=O
In	Seg=B-seg	Seg=O
1801	Seg=O	Seg=O
0	Seg=O	Seg=O
he	Seg=O	Seg=O
was	Seg=O	Seg=O
sent	Seg=O	Seg=B-seg
to	Seg=O	Seg=O
Harrow	Seg=O	Seg=O
0	Seg=O	Seg=O
where	Seg=B-seg	Seg=O
he	Seg=O	Seg=O
remained	Seg=O	Seg=O
until	Seg=O	Seg=O
July	Seg=O	Seg=O
1805	Seg=O	Seg=O
.	Seg=O	Seg=O
[	Seg=B-seg	Seg=O
6	Seg=O	Seg=O
]	Seg=O	Seg=O
An	Seg=B-seg	Seg=O
undistinguished	Seg=O	Seg=O
student	Seg=O	Seg=O
and	Seg=O	Seg=O
an	Seg=O	Seg=O
unskilled	Seg=O	Seg=O
cricketer	Seg=O	Seg=O
0	Seg=O	Seg=O
he	Seg=B-seg	Seg=B-seg
did	Seg=O	Seg=O
represent	Seg=O	Seg=O
the	Seg=O	Seg=O
school	Seg=O	Seg=O
during	Seg=O	Seg=O
the	Seg=O	Seg=O
very	Seg=O	Seg=O
first	Seg=O	Seg=O
Eton	Seg=O	Seg=O
v	Seg=O	Seg=O
Harrow	Seg=O	Seg=O
cricket	Seg=O	Seg=O
match	Seg=O	Seg=O
at	Seg=O	Seg=O
Lord's	_	Seg=O
Lord	Seg=O	Seg=O
s	Seg=O	Seg=O
in	Seg=O	Seg=O
1805	Seg=O	Seg=O
.	Seg=O	Seg=O
[	Seg=B-seg	Seg=O
19	Seg=O	Seg=O
]	Seg=O	Seg=O
His	Seg=B-seg	Seg=O
lack	Seg=O	Seg=O
of	Seg=O	Seg=O
moderation	Seg=O	Seg=O
was	Seg=O	Seg=O
not	Seg=O	Seg=O
restricted	Seg=O	Seg=O
to	Seg=O	Seg=O
physical	Seg=O	Seg=O
exercise	Seg=O	Seg=O
.	Seg=O	Seg=O
Byron	Seg=B-seg	Seg=O
fell	Seg=O	Seg=O
in	Seg=O	Seg=O
love	Seg=O	Seg=O
with	Seg=O	Seg=O
Mary	Seg=O	Seg=O
Chaworth	Seg=O	Seg=O
0	Seg=O	Seg=O
whom	Seg=B-seg	Seg=O
he	Seg=O	Seg=O
met	Seg=O	Seg=O
while	Seg=B-seg	Seg=O
at	Seg=O	Seg=O
school	Seg=O	Seg=O
0	Seg=O	Seg=O
[	Seg=B-seg	Seg=O
6	Seg=O	Seg=O
]	Seg=O	Seg=O
and	Seg=B-seg	Seg=O
she	Seg=O	Seg=O
was	Seg=O	Seg=B-seg
the	Seg=O	Seg=O
reason	Seg=O	Seg=O
he	Seg=B-seg	Seg=O
refused	Seg=O	Seg=O
to	Seg=O	Seg=O
return	Seg=O	Seg=O
to	Seg=O	Seg=O
Harrow	Seg=O	Seg=O
in	Seg=O	Seg=O
September	Seg=O	Seg=O
1803	Seg=O	Seg=O
.	Seg=O	Seg=O
His	Seg=B-seg	Seg=O
mother	Seg=O	Seg=O
wrote	Seg=O	Seg=O
0	Seg=O	Seg=O
"	Seg=B-seg	Seg=O
He	Seg=O	Seg=O
has	Seg=O	Seg=O
no	Seg=O	Seg=O
indisposition	Seg=O	Seg=O
that	Seg=B-seg	Seg=O
I	Seg=O	Seg=O
know	Seg=O	Seg=O
of	Seg=O	Seg=O
but	Seg=B-seg	Seg=O
love	Seg=O	Seg=O
0	Seg=O	Seg=O
desperate	Seg=O	Seg=O
love	Seg=O	Seg=O
0	Seg=O	Seg=O
the	Seg=O	Seg=O
worst	Seg=O	Seg=O
of	Seg=O	Seg=O
all	Seg=O	Seg=O
maladies	Seg=O	Seg=O
in	Seg=O	Seg=B-seg
my	Seg=O	Seg=O
opinion	Seg=O	Seg=O
.	Seg=O	Seg=O
In	Seg=B-seg	Seg=O
short	Seg=O	Seg=O
0	Seg=O	Seg=O
the	Seg=O	Seg=O
boy	Seg=O	Seg=O
is	Seg=O	Seg=O
distractedly	Seg=O	Seg=O
in	Seg=O	Seg=O
love	Seg=O	Seg=O
with	Seg=O	Seg=O
Miss	Seg=O	Seg=O
Chaworth	Seg=O	Seg=O
.	Seg=O	Seg=O
"	Seg=O	Seg=O
[	Seg=B-seg	Seg=O
6	Seg=O	Seg=O
]	Seg=O	Seg=O
In	Seg=B-seg	Seg=O
Byron's	_	Seg=O
Byron	Seg=O	Seg=O
s	Seg=O	Seg=O
later	Seg=O	Seg=O
memoirs	Seg=O	Seg=O
0	Seg=O	Seg=O
"	Seg=O	Seg=O
Mary	Seg=O	Seg=O
Chaworth	Seg=O	Seg=O
is	Seg=O	Seg=O
portrayed	Seg=O	Seg=O
as	Seg=O	Seg=O
the	Seg=O	Seg=B-seg
first	Seg=O	Seg=O
object	Seg=O	Seg=O
of	Seg=O	Seg=O
his	Seg=O	Seg=O
adult	Seg=O	Seg=O
sexual	Seg=O	Seg=O
feelings	Seg=O	Seg=O
.	Seg=O	Seg=B-seg
"	Seg=O	Seg=O
[	Seg=B-seg	Seg=O
20	Seg=O	Seg=O
]	Seg=O	Seg=O
Byron	Seg=B-seg	Seg=O
finally	Seg=O	Seg=O
returned	Seg=O	Seg=O
in	Seg=O	Seg=O
January	Seg=O	Seg=O
1804	Seg=O	Seg=O
0	Seg=O	Seg=O
[	Seg=B-seg	Seg=O
6	Seg=O	Seg=O
]	Seg=O	Seg=O
to	Seg=B-seg	Seg=O
a	Seg=O	Seg=O
more	Seg=O	Seg=O
settled	Seg=O	Seg=O
period	Seg=O	Seg=O
which	Seg=B-seg	Seg=O
saw	Seg=O	Seg=O
the	Seg=O	Seg=O
formation	Seg=O	Seg=B-seg
of	Seg=O	Seg=O
a	Seg=O	Seg=O
circle	Seg=O	Seg=O
of	Seg=O	Seg=O
emotional	Seg=O	Seg=O
involvements	Seg=O	Seg=O
with	Seg=O	Seg=O
other	Seg=O	Seg=B-seg
Harrow	Seg=O	Seg=B-seg
boys	Seg=O	Seg=B-seg
0	Seg=O	Seg=O
which	Seg=B-seg	Seg=O
he	Seg=O	Seg=O
recalled	Seg=O	Seg=O
with	Seg=O	Seg=O
great	Seg=O	Seg=B-seg
vividness	Seg=O	Seg=O
:	Seg=O	Seg=B-seg
"	Seg=B-seg	Seg=B-seg
My	Seg=O	Seg=O
school	Seg=O	Seg=O
friendships	Seg=O	Seg=O
were	Seg=O	Seg=O
with	Seg=O	Seg=O
me	Seg=O	Seg=B-seg
passions	Seg=O	Seg=B-seg
(	Seg=B-seg	Seg=O
for	Seg=O	Seg=B-seg
I	Seg=O	Seg=O
was	Seg=O	Seg=O
always	Seg=O	Seg=O
violent	Seg=O	Seg=O
)	Seg=O	Seg=O
.	Seg=O	Seg=O
"	Seg=O	Seg=O
[	Seg=B-seg	Seg=O
21	Seg=O	Seg=O
]	Seg=O	Seg=O
The	Seg=B-seg	Seg=O
most	Seg=O	Seg=B-seg
enduring	Seg=O	Seg=O
of	Seg=O	Seg=O
those	Seg=O	Seg=O
was	Seg=O	Seg=B-seg
with	Seg=O	Seg=O
John	Seg=O	Seg=O
FitzGibbon	Seg=O	Seg=O
0	Seg=O	Seg=B-seg
2nd	Seg=O	Seg=O
Earl	Seg=O	Seg=O
of	Seg=O	Seg=O
Clare	Seg=O	Seg=O
—	Seg=B-seg	Seg=O
four	Seg=O	Seg=O
years	Seg=O	Seg=O
Byron's	_	Seg=O
Byron	Seg=O	Seg=O
s	Seg=O	Seg=O
junior	Seg=O	Seg=O
—	Seg=O	Seg=B-seg
whom	Seg=B-seg	Seg=B-seg
he	Seg=O	Seg=O
was	Seg=O	Seg=O
to	Seg=O	Seg=B-seg
meet	Seg=O	Seg=O
unexpectedly	Seg=O	Seg=O
many	Seg=O	Seg=O
years	Seg=O	Seg=O
later	Seg=O	Seg=O
in	Seg=O	Seg=O
Italy	Seg=O	Seg=O
(	Seg=B-seg	Seg=O
1821	Seg=O	Seg=O
)	Seg=O	Seg=B-seg
.	Seg=O	Seg=O
[	Seg=B-seg	Seg=B-seg
22	Seg=O	Seg=O
]	Seg=O	Seg=O
His	Seg=B-seg	Seg=O
nostalgic	Seg=O	Seg=B-seg
poems	Seg=O	Seg=B-seg
about	Seg=O	Seg=O
his	Seg=O	Seg=O
Harrow	Seg=O	Seg=O
friendships	Seg=O	Seg=O
0	Seg=O	Seg=O
Childish	Seg=O	Seg=B-seg
Recollections	Seg=O	Seg=O
(	Seg=B-seg	Seg=B-seg
1806	Seg=O	Seg=O
)	Seg=O	Seg=O
0	Seg=O	Seg=O
express	Seg=B-seg	Seg=O
a	Seg=O	Seg=O
prescient	Seg=O	Seg=O
"	Seg=O	Seg=O
consciousness	Seg=O	Seg=O
of	Seg=O	Seg=O
sexual	Seg=O	Seg=O
differences	Seg=O	Seg=O
that	Seg=B-seg	Seg=B-seg
may	Seg=O	Seg=O
in	Seg=O	Seg=O
the	Seg=O	Seg=O
end	Seg=O	Seg=O
make	Seg=O	Seg=O
England	Seg=O	Seg=O
untenable	Seg=O	Seg=O
to	Seg=O	Seg=O
him	Seg=O	Seg=O
.	Seg=O	Seg=O
"	Seg=O	Seg=O
[	Seg=B-seg	Seg=B-seg
23	Seg=O	Seg=O
]	Seg=O	Seg=O
Letters	Seg=B-seg	Seg=O
to	Seg=O	Seg=B-seg
Byron	Seg=O	Seg=O
in	Seg=O	Seg=O
the	Seg=O	Seg=O
John	Seg=O	Seg=O
Murray	Seg=O	Seg=O
archive	Seg=O	Seg=O
contain	Seg=O	Seg=O
evidence	Seg=O	Seg=O
of	Seg=O	Seg=O
a	Seg=O	Seg=O
previously	Seg=O	Seg=O
unremarked	Seg=O	Seg=O
if	Seg=B-seg	Seg=O
short	Seg=O	Seg=O
-0	Seg=O	Seg=O
lived	Seg=O	Seg=B-seg
romantic	Seg=B-seg	Seg=O
relationship	Seg=O	Seg=O
with	Seg=O	Seg=O
a	Seg=O	Seg=O
younger	Seg=O	Seg=O
boy	Seg=O	Seg=O
at	Seg=O	Seg=O
Harrow	Seg=O	Seg=O
0	Seg=O	Seg=O
John	Seg=O	Seg=O
Thomas	Seg=O	Seg=O
Claridge	Seg=O	Seg=O
.	Seg=O	Seg=O
John	Seg=B-seg	Seg=O
FitzGibbon	Seg=O	Seg=O
0	Seg=O	Seg=O
2nd	Seg=O	Seg=O
Earl	Seg=O	Seg=O
of	Seg=O	Seg=O
Clare	Seg=O	Seg=O
Ah	Seg=B-seg	Seg=O
!	Seg=O	Seg=O
Sure	Seg=B-seg	Seg=O
some	Seg=O	Seg=O
stronger	Seg=O	Seg=O
impulse	Seg=O	Seg=O
vibrates	Seg=O	Seg=O
here	Seg=O	Seg=O
0	Seg=O	Seg=O
Which	Seg=B-seg	Seg=O
whispers	Seg=O	Seg=O
friendship	Seg=O	Seg=O
will	Seg=B-seg	Seg=O
be	Seg=O	Seg=O
doubly	Seg=O	Seg=O
dear	Seg=O	Seg=B-seg
To	Seg=O	Seg=O
one	Seg=O	Seg=O
0	Seg=O	Seg=O
who	Seg=B-seg	Seg=O
thus	Seg=O	Seg=O
for	Seg=O	Seg=O
kindred	Seg=O	Seg=O
hearts	Seg=O	Seg=O
must	Seg=O	Seg=O
roam	Seg=O	Seg=O
0	Seg=O	Seg=O
And	Seg=O	Seg=O
seek	Seg=O	Seg=O
abroad	Seg=O	Seg=O
0	Seg=O	Seg=O
the	Seg=O	Seg=O
love	Seg=O	Seg=O
denied	Seg=O	Seg=O
at	Seg=O	Seg=O
home	Seg=O	Seg=O
.	Seg=O	Seg=O
The	Seg=B-seg	Seg=O
following	Seg=O	Seg=O
autumn	Seg=O	Seg=O
0	Seg=O	Seg=O
he	Seg=O	Seg=O
went	Seg=O	Seg=O
up	Seg=O	Seg=O
to	Seg=O	Seg=O
Trinity	Seg=O	Seg=O
College	Seg=O	Seg=O
0	Seg=O	Seg=O
Cambridge	Seg=O	Seg=O
0	Seg=O	Seg=O
[	Seg=B-seg	Seg=O
24	Seg=O	Seg=O
]	Seg=O	Seg=O
where	Seg=B-seg	Seg=O
he	Seg=O	Seg=B-seg
met	Seg=O	Seg=O
and	Seg=O	Seg=O
formed	Seg=O	Seg=O
a	Seg=O	Seg=O
close	Seg=O	Seg=O
friendship	Seg=O	Seg=O
with	Seg=O	Seg=O
the	Seg=O	Seg=O
younger	Seg=O	Seg=O
John	Seg=O	Seg=O
Edleston	Seg=O	Seg=O
.	Seg=O	Seg=O
About	Seg=B-seg	Seg=O
his	Seg=O	Seg=O
"	Seg=O	Seg=O
protégé	Seg=O	Seg=O
"	Seg=O	Seg=O
he	Seg=O	Seg=O
wrote	Seg=O	Seg=O
0	Seg=O	
"	Seg=B-seg	
He	Seg=O	Seg=B-seg
has	Seg=O	Seg=O
been	Seg=O	Seg=B-seg
my	Seg=O	Seg=O
almost	Seg=O	Seg=O
constant	Seg=O	Seg=O
associate	Seg=O	Seg=O
since	Seg=O	Seg=O
October	Seg=O	Seg=O
0	Seg=O	Seg=O
1805	Seg=O	Seg=O
0	Seg=O	Seg=B-seg
when	Seg=B-seg	Seg=O
I	Seg=O	Seg=O
entered	Seg=O	Seg=O
Trinity	Seg=O	Seg=O
College	Seg=O	Seg=O
.	Seg=O	Seg=O
His	Seg=B-seg	Seg=O
voice	Seg=O	Seg=O
first	Seg=O	Seg=B-seg
attracted	Seg=O	Seg=O
my	Seg=O	Seg=O
attention	Seg=O	Seg=O
0	Seg=O	Seg=O
his	Seg=B-seg	Seg=O
countenance	Seg=O	Seg=O
fixed	Seg=O	Seg=O
it	Seg=O	Seg=O
0	Seg=O	Seg=B-seg
and	Seg=B-seg	Seg=O
his	Seg=O	Seg=O
manners	Seg=O	Seg=O
attached	Seg=O	Seg=B-seg
me	Seg=O	Seg=O
to	Seg=O	Seg=O
him	Seg=O	Seg=O
for	Seg=O	Seg=O
ever	Seg=O	Seg=O
.	Seg=O	Seg=O
"	Seg=O	Seg=O
In	Seg=B-seg	Seg=O
his	Seg=O	Seg=O
memory	Seg=O	Seg=O
Byron	Seg=O	Seg=O
composed	Seg=O	Seg=B-seg
Thyrza	Seg=O	Seg=B-seg
0	Seg=O	Seg=O
a	Seg=O	Seg=O
series	Seg=O	Seg=O
of	Seg=O	Seg=O
elegies	Seg=O	Seg=B-seg
.	Seg=O	Seg=O
[	Seg=B-seg	Seg=O
25	Seg=O	Seg=O
]	Seg=O	Seg=O
In	Seg=B-seg	Seg=O
later	Seg=O	Seg=O
years	Seg=O	Seg=O
0	Seg=O	Seg=O
he	Seg=O	Seg=O
described	Seg=O	Seg=O
the	Seg=O	Seg=B-seg
affair	Seg=O	Seg=O
as	Seg=O	Seg=O
"	Seg=O	Seg=O
a	Seg=O	Seg=B-seg
violent	Seg=O	Seg=B-seg
0	Seg=O	Seg=O
though	Seg=O	Seg=O
pure	Seg=O	Seg=O
love	Seg=O	Seg=O
and	Seg=O	Seg=O
passion	Seg=O	Seg=O
"	Seg=O	Seg=O
.	Seg=O	Seg=O
This	Seg=B-seg	Seg=O
statement	Seg=O	Seg=B-seg
0	Seg=O	Seg=O
however	Seg=O	Seg=O
0	Seg=O	Seg=O
needs	Seg=O	Seg=O
to	Seg=O	Seg=O
be	Seg=O	Seg=O
read	Seg=O	Seg=O
in	Seg=O	Seg=O
the	Seg=O	Seg=O
context	Seg=O	Seg=O
of	Seg=O	Seg=O
hardening	Seg=O	Seg=O
public	Seg=O	Seg=O
attitudes	Seg=O	Seg=B-seg
toward	Seg=O	Seg=O
homosexuality	Seg=O	Seg=O
in	Seg=O	Seg=B-seg
England	Seg=O	Seg=O
and	Seg=O	Seg=O
the	Seg=O	Seg=O
severe	Seg=O	Seg=O
sanctions	Seg=O	Seg=O
(	Seg=B-seg	Seg=O
including	Seg=O	Seg=O
public	Seg=O	Seg=O
hanging	Seg=O	Seg=O
)	Seg=O	Seg=B-seg
against	Seg=B-seg	Seg=B-seg
convicted	Seg=O	Seg=O
or	Seg=O	Seg=O
even	Seg=O	Seg=O
suspected	Seg=O	Seg=O
offenders	Seg=O	Seg=O
.	Seg=O	Seg=O
[	Seg=B-seg	Seg=O
26	Seg=O	Seg=O
]	Seg=O	Seg=B-seg
The	Seg=B-seg	Seg=B-seg
liaison	Seg=O	Seg=O
0	Seg=O	Seg=O
on	Seg=O	Seg=O
the	Seg=O	Seg=O
other	Seg=O	Seg=O
hand	Seg=O	Seg=O
0	Seg=O	Seg=O
may	Seg=O	Seg=B-seg
well	Seg=O	Seg=O
have	Seg=O	Seg=O
been	Seg=O	Seg=O
"	Seg=O	Seg=B-seg
pure	Seg=O	Seg=O
"	Seg=O	Seg=O
out	Seg=O	Seg=O
of	Seg=O	Seg=O
respect	Seg=O	Seg=O
for	Seg=O	Seg=O
Edleston's	_	Seg=O
Edleston	Seg=O	Seg=O
s	Seg=O	Seg=O
innocence	Seg=O	Seg=O
0	Seg=O	Seg=B-seg
in	Seg=O	Seg=B-seg
contrast	Seg=O	Seg=O
to	Seg=O	Seg=O
the	Seg=O	Seg=O
(	Seg=B-seg	Seg=B-seg
probably	Seg=O	Seg=O
)	Seg=O	Seg=O
more	Seg=B-seg	Seg=O
sexually	Seg=O	Seg=O
overt	Seg=O	Seg=O
relations	Seg=O	Seg=O
experienced	Seg=O	Seg=O
at	Seg=O	Seg=O
Harrow	Seg=O	Seg=O
School	Seg=O	Seg=O
.	Seg=O	Seg=O
[	Seg=B-seg	Seg=O
27	Seg=O	Seg=B-seg
]	Seg=O	Seg=B-seg
Byron	Seg=B-seg	Seg=O
spent	Seg=O	Seg=O
three	Seg=O	Seg=O
years	Seg=O	Seg=O
at	Seg=O	Seg=O
Trinity	Seg=O	Seg=B-seg
College	Seg=O	Seg=O
0	Seg=O	Seg=B-seg
engaging	Seg=B-seg	Seg=O
in	Seg=O	Seg=O
sexual	Seg=O	Seg=O
escapades	Seg=O	Seg=O
0	Seg=O	Seg=B-seg
boxing	Seg=O	Seg=O
0	Seg=O	Seg=O
horse	Seg=O	Seg=O
riding	Seg=O	Seg=O
and	Seg=O	Seg=O
gambling	Seg=O	Seg=O
.	Seg=O	Seg=O
[	Seg=B-seg	Seg=B-seg
28	Seg=O	Seg=O
]	Seg=O	Seg=O
Also	Seg=B-seg	Seg=O
while	Seg=O	Seg=O
at	Seg=O	Seg=O
Cambridge	Seg=O	Seg=O
he	Seg=B-seg	Seg=O
formed	Seg=O	Seg=O
lifelong	Seg=O	Seg=O
friendships	Seg=O	Seg=O
with	Seg=O	Seg=B-seg
men	Seg=O	Seg=O
such	Seg=O	Seg=O
as	Seg=O	Seg=O
John	Seg=O	Seg=O
Cam	Seg=O	Seg=O
Hobhouse	Seg=O	Seg=O
0	Seg=O	Seg=O
who	Seg=B-seg	Seg=O
initiated	Seg=O	Seg=O
him	Seg=O	Seg=B-seg
into	Seg=O	Seg=B-seg
the	Seg=O	Seg=O
Cambridge	Seg=O	Seg=O
Whig	Seg=O	Seg=B-seg
Club	Seg=O	Seg=B-seg
0	Seg=O	Seg=O
which	Seg=B-seg	Seg=O
endorsed	Seg=O	Seg=O
liberal	Seg=O	Seg=O
politics	Seg=O	Seg=O
0	Seg=O	Seg=B-seg
[	Seg=B-seg	Seg=O
28	Seg=O	Seg=O
]	Seg=O	Seg=O
and	Seg=B-seg	Seg=B-seg
Francis	Seg=O	Seg=O
Hodgson	Seg=O	Seg=O
0	Seg=O	Seg=O
a	Seg=O	Seg=O
Fellow	Seg=O	Seg=O
at	Seg=O	Seg=O
King's	_	Seg=O
King	Seg=O	Seg=O
s	Seg=O	Seg=O
College	Seg=O	Seg=O
0	Seg=O	Seg=O
with	Seg=B-seg	Seg=O
whom	Seg=O	Seg=O
he	Seg=O	Seg=O
corresponded	Seg=O	Seg=O
on	Seg=O	Seg=O
literary	Seg=O	Seg=O
and	Seg=O	Seg=O
other	Seg=O	Seg=O
matters	Seg=O	Seg=O
until	Seg=O	Seg=O
the	Seg=O	Seg=O
end	Seg=O	Seg=O
of	Seg=O	Seg=O
his	Seg=O	Seg=O
life	Seg=O	Seg=B-seg
.	Seg=O	Seg=O
		Seg=O
		Seg=O
Emperor	Seg=B-seg	Seg=O
Norton	Seg=O	Seg=O
Joshua	Seg=B-seg	Seg=O
Abraham	Seg=O	Seg=O
Norton	Seg=O	Seg=O
(	Seg=B-seg	Seg=O
c.	Seg=O	Seg=O
1818	Seg=O	Seg=O
–	Seg=O	Seg=O
January	Seg=O	Seg=O
8	Seg=O	Seg=O
0	Seg=O	Seg=O
1880	Seg=O	Seg=O
)	Seg=O	Seg=O
0	Seg=O	Seg=O
known	Seg=B-seg	Seg=O
as	Seg=O	Seg=O
Emperor	Seg=O	Seg=B-seg
Norton	Seg=O	Seg=O
0	Seg=O	Seg=O
was	Seg=B-seg	Seg=O
a	Seg=O	Seg=O
citizen	Seg=O	Seg=O
of	Seg=O	Seg=O
San	Seg=O	Seg=O
Francisco	Seg=O	Seg=O
0	Seg=O	Seg=O
California	Seg=O	Seg=O
0	Seg=O	Seg=O
who	Seg=B-seg	Seg=O
in	Seg=O	Seg=O
1859	Seg=O	Seg=O
proclaimed	Seg=O	Seg=O
himself	Seg=O	Seg=O
"	Seg=O	Seg=O
Norton	Seg=O	Seg=O
I	Seg=O	Seg=O
0	Seg=O	Seg=O
Emperor	Seg=O	Seg=O
of	Seg=O	Seg=O
the	Seg=O	Seg=O
United	Seg=O	Seg=O
States	Seg=O	Seg=O
"	Seg=O	Seg=B-seg
.	Seg=O	Seg=O
He	Seg=B-seg	Seg=O
later	Seg=O	Seg=O
expanded	Seg=O	Seg=O
his	Seg=O	Seg=B-seg
pretense	Seg=O	Seg=O
by	Seg=B-seg	Seg=O
claiming	Seg=O	Seg=O
to	Seg=O	Seg=O
be	Seg=O	Seg=O
"	Seg=O	Seg=O
Protector	Seg=O	Seg=O
of	Seg=O	Seg=O
Mexico	Seg=O	Seg=O
"	Seg=O	Seg=B-seg
as	Seg=O	Seg=O
well	Seg=O	Seg=O
.	Seg=O	Seg=B-seg
Born	Seg=B-seg	Seg=O
in	Seg=O	Seg=O
England	Seg=O	Seg=B-seg
0	Seg=O	Seg=O
Norton	Seg=B-seg	Seg=O
spent	Seg=O	Seg=O
most	Seg=O	Seg=O
of	Seg=O	Seg=O
his	Seg=O	Seg=O
early	Seg=O	Seg=O
life	Seg=O	Seg=O
in	Seg=O	Seg=O
South	Seg=O	Seg=O
Africa	Seg=O	Seg=O
.	Seg=O	Seg=O
After	Seg=B-seg	Seg=O
the	Seg=O	Seg=O
death	Seg=O	Seg=B-seg
of	Seg=O	Seg=O
his	Seg=O	Seg=B-seg
mother	Seg=O	Seg=O
in	Seg=O	Seg=O
1846	Seg=O	Seg=O
and	Seg=O	Seg=O
the	_	Seg=O
death	_	Seg=O
of	_	Seg=B-seg
his	Seg=O	Seg=O
father	Seg=O	Seg=O
in	Seg=O	Seg=B-seg
1848	Seg=O	Seg=O
0	Seg=O	Seg=O
he	Seg=O	Seg=O
sailed	Seg=O	Seg=O
west	Seg=O	Seg=O
0	Seg=O	Seg=O
arriving	Seg=B-seg	Seg=B-seg
in	Seg=O	Seg=O
San	Seg=O	Seg=O
Francisco	Seg=O	Seg=O
possibly	Seg=O	Seg=O
in	Seg=O	Seg=O
November	Seg=O	Seg=O
1849	Seg=O	Seg=B-seg
.	Seg=O	Seg=O
Norton	Seg=B-seg	Seg=O
initially	Seg=O	Seg=O
made	Seg=O	Seg=O
a	Seg=O	Seg=O
living	Seg=O	Seg=O
as	Seg=O	Seg=O
a	Seg=O	Seg=O
businessman	Seg=O	Seg=O
0	Seg=O	Seg=O
but	Seg=B-seg	Seg=O
he	Seg=O	Seg=O
lost	Seg=O	Seg=O
his	Seg=O	Seg=O
fortune	Seg=O	Seg=O
investing	Seg=B-seg	Seg=O
in	Seg=O	Seg=O
Peruvian	Seg=O	Seg=O
rice	Seg=O	Seg=O
.	Seg=O	Seg=O
After	Seg=B-seg	Seg=B-seg
he	Seg=O	Seg=O
lost	Seg=O	Seg=O
a	Seg=O	Seg=O
lawsuit	Seg=O	Seg=O
in	Seg=B-seg	Seg=O
which	Seg=O	Seg=O
he	Seg=O	Seg=O
tried	Seg=O	Seg=O
to	Seg=O	Seg=O
void	Seg=O	Seg=O
his	Seg=O	Seg=O
rice	Seg=O	Seg=O
contract	Seg=O	Seg=O
0	Seg=O	Seg=O
Norton's	_	Seg=B-seg
Norton	Seg=B-seg	Seg=O
s	Seg=O	Seg=O
public	Seg=O	Seg=B-seg
prominence	Seg=O	Seg=O
faded	Seg=O	Seg=O
.	Seg=O	Seg=O
He	Seg=B-seg	Seg=O
reemerged	Seg=O	Seg=O
in	Seg=O	Seg=O
September	Seg=O	Seg=O
1859	Seg=O	Seg=O
0	Seg=O	Seg=O
laying	Seg=B-seg	Seg=O
claim	Seg=O	Seg=O
to	Seg=O	Seg=B-seg
the	Seg=O	Seg=B-seg
position	Seg=O	Seg=O
of	Seg=O	Seg=O
Emperor	Seg=O	Seg=B-seg
of	Seg=O	Seg=O
the	Seg=O	Seg=O
United	Seg=O	Seg=O
States	Seg=O	Seg=O
.	Seg=O	Seg=O
He	Seg=B-seg	Seg=O
had	Seg=O	Seg=B-seg
no	Seg=O	Seg=B-seg
political	Seg=O	Seg=O
power	Seg=O	Seg=O
0	Seg=O	Seg=O
and	Seg=B-seg	Seg=O
his	Seg=O	Seg=O
influence	Seg=O	Seg=O
extended	Seg=O	Seg=O
only	Seg=O	Seg=O
so	Seg=O	Seg=O
far	Seg=O	Seg=O
as	Seg=B-seg	Seg=O
he	Seg=O	Seg=O
was	Seg=O	Seg=O
humored	Seg=O	
by	Seg=O	
those	Seg=O	
him	Seg=O	
;	Seg=O	
nevertheless	Seg=B-seg	
0	Seg=O	
he	Seg=O	
was	Seg=O	
treated	Seg=O	
deferentially	Seg=O	
in	Seg=O	
San	Seg=O	
Francisco	Seg=O	
0	Seg=O	
and	Seg=B-seg	
currency	Seg=O	
issued	Seg=B-seg	
in	Seg=O	
his	Seg=O	
name	Seg=O	
was	Seg=B-seg	
honored	Seg=O	
in	Seg=O	
the	Seg=O	
establishments	Seg=O	
he	Seg=B-seg	
frequented	Seg=O	
.	Seg=O	
Though	Seg=B-seg	
some	Seg=O	
considered	Seg=O	
him	Seg=O	
insane	Seg=O	
or	Seg=O	
eccentric	Seg=O	
0	Seg=O	
citizens	Seg=B-seg	
of	Seg=O	
San	Seg=O	
Francisco	Seg=O	
celebrated	Seg=O	
his	Seg=O	
regal	Seg=O	
presence	Seg=O	
and	Seg=O	
his	Seg=O	
proclamations	Seg=O	
0	Seg=O	
such	Seg=O	
as	Seg=O	
his	Seg=O	
order	Seg=O	
that	Seg=B-seg	
the	Seg=O	
United	Seg=O	
States	Seg=O	
Congress	Seg=O	
be	Seg=O	
dissolved	Seg=O	
by	Seg=O	
force	Seg=O	
and	Seg=B-seg	
his	Seg=O	
numerous	Seg=O	
decrees	Seg=O	
calling	Seg=B-seg	
for	Seg=O	
a	Seg=O	
bridge	Seg=O	
connecting	Seg=B-seg	
San	Seg=O	
Francisco	Seg=O	
to	Seg=O	
Oakland	Seg=O	
0	Seg=O	
and	Seg=B-seg	
a	Seg=O	
corresponding	Seg=O	
tunnel	Seg=O	
to	Seg=O	
be	Seg=O	
built	Seg=O	
under	Seg=O	
San	Seg=O	
Francisco	Seg=O	
Bay	Seg=O	
.	Seg=O	
Long	Seg=B-seg	
after	Seg=O	
his	Seg=O	
death	Seg=O	
0	Seg=O	
similar	Seg=O	
structures	Seg=O	
were	Seg=O	
built	Seg=O	
in	Seg=O	
the	Seg=O	
form	Seg=O	
of	Seg=O	
the	Seg=O	
San	Seg=O	
Francisco	Seg=O	
–	Seg=O	
Oakland	Seg=O	
Bay	Seg=O	
Bridge	Seg=O	
and	Seg=O	
the	Seg=O	
Transbay	Seg=O	
Tube	Seg=O	
0	Seg=O	
and	Seg=B-seg	
there	Seg=O	
have	Seg=O	
been	Seg=O	
campaigns	Seg=O	
to	Seg=B-seg	
rename	Seg=O	
the	Seg=O	
bridge	Seg=O	
"	Seg=O	
The	Seg=O	
Emperor	Seg=O	
Norton	Seg=O	
Bridge	Seg=O	
"	Seg=O	
.	Seg=O	
On	Seg=B-seg	
January	Seg=O	
8	Seg=O	
0	Seg=O	
1880	Seg=O	
0	Seg=O	
Norton	Seg=O	
collapsed	Seg=O	
at	Seg=O	
the	Seg=O	
corner	Seg=O	
of	Seg=O	
California	Seg=O	
and	Seg=O	
Dupont	Seg=O	
(	Seg=B-seg	
now	Seg=O	
Grant	Seg=O	
)	Seg=O	
streets	Seg=B-seg	
and	Seg=B-seg	
died	Seg=O	
before	Seg=B-seg	
he	Seg=O	
could	Seg=O	
be	Seg=O	
given	Seg=O	
medical	Seg=O	
treatment	Seg=O	
.	Seg=O	
Nearly	Seg=B-seg	
30	Seg=O	
people	Seg=O	
packed	Seg=O	
the	Seg=O	
streets	Seg=O	
of	Seg=O	
San	Seg=O	
Francisco	Seg=O	
to	Seg=B-seg	
pay	Seg=O	
him	Seg=O	
homage	Seg=O	
at	Seg=O	
his	Seg=O	
funeral	Seg=O	
.	Seg=O	
Norton	Seg=B-seg	
has	Seg=O	
been	Seg=O	
immortalized	Seg=O	
as	Seg=O	
the	Seg=O	
basis	Seg=O	
of	Seg=O	
characters	Seg=O	
in	Seg=O	
the	Seg=O	
literature	Seg=O	
of	Seg=O	
writers	Seg=O	
Mark	Seg=O	
Twain	Seg=O	
0	Seg=O	
Robert	Seg=O	
Louis	Seg=O	
Stevenson	Seg=O	
0	Seg=O	
Christopher	Seg=O	
Moore	Seg=O	
0	Seg=O	
Morris	Seg=O	
and	Seg=O	
Goscinny	Seg=O	
0	Seg=O	
Selma	Seg=O	
Lagerlöf	Seg=O	
0	Seg=O	
and	Seg=O	
Neil	Seg=O	
Gaiman	Seg=O	
.	Seg=O	
Norton	Seg=B-seg	
I	Seg=O	
0	Seg=O	
Emperor	Seg=O	
of	Seg=O	
the	Seg=O	
United	Seg=O	
States	Seg=O	
0	Seg=O	
photograph	Seg=O	
0	Seg=O	
c.	Seg=O	
1871	Seg=O	
–	Seg=O	
72	Seg=O	
Declares	Seg=B-seg	
himself	Seg=O	
emperor	Seg=O	
Emperor	Seg=B-seg	
Joshua	Seg=O	
Norton	Seg=O	
0	Seg=O	
in	Seg=O	
full	Seg=O	
military	Seg=O	
regalia	Seg=O	
0	Seg=O	
circa	Seg=O	
1880	Seg=O	
or	Seg=O	
earlier	Seg=O	
By	Seg=B-seg	
1859	Seg=O	
0	Seg=O	
Norton	Seg=O	
had	Seg=O	
become	Seg=O	
completely	Seg=O	
disgruntled	Seg=O	
with	Seg=O	
what	Seg=O	
he	Seg=O	
considered	Seg=O	
the	Seg=O	
inadequacies	Seg=O	
of	Seg=O	
the	Seg=O	
legal	Seg=O	
and	Seg=O	
political	Seg=O	
structures	Seg=O	
of	Seg=O	
the	Seg=O	
United	Seg=O	
States	Seg=O	
.	Seg=O	
